startDate,endDate,value,unit,sourceName
2025-08-31 06:16:45 +0000,2025-08-31 06:17:45 +0000,71,count/min,Apple Watch
2025-08-31 15:21:09 +0000,2025-08-31 15:22:09 +0000,75,count/min,Apple Watch
2025-08-31 09:44:05 +0000,2025-08-31 09:45:05 +0000,82,count/min,Apple Watch
2025-08-31 10:49:04 +0000,2025-08-31 10:50:04 +0000,80,count/min,Apple Watch
2025-08-31 19:01:23 +0000,2025-08-31 19:02:23 +0000,80,count/min,Apple Watch
2025-08-31 11:01:34 +0000,2025-08-31 11:02:34 +0000,68,count/min,Apple Watch
2025-08-31 17:27:33 +0000,2025-08-31 17:28:33 +0000,82,count/min,Apple Watch
2025-08-31 19:48:18 +0000,2025-08-31 19:49:18 +0000,81,count/min,Apple Watch
2025-08-31 13:12:53 +0000,2025-08-31 13:13:53 +0000,69,count/min,Apple Watch
2025-08-31 12:19:33 +0000,2025-08-31 12:20:33 +0000,71,count/min,Apple Watch
2025-08-31 20:30:42 +0000,2025-08-31 20:31:42 +0000,75,count/min,Apple Watch
2025-08-31 21:50:56 +0000,2025-08-31 21:51:56 +0000,73,count/min,Apple Watch
2025-08-31 08:22:29 +0000,2025-08-31 08:23:29 +0000,71,count/min,Apple Watch
2025-08-31 17:36:51 +0000,2025-08-31 17:37:51 +0000,71,count/min,Apple Watch
2025-09-01 13:03:09 +0000,2025-09-01 13:04:09 +0000,75,count/min,Apple Watch
2025-09-01 10:59:49 +0000,2025-09-01 11:00:49 +0000,71,count/min,Apple Watch
2025-09-01 14:47:39 +0000,2025-09-01 14:48:39 +0000,74,count/min,Apple Watch
2025-09-01 08:17:28 +0000,2025-09-01 08:18:28 +0000,55,count/min,Apple Watch
2025-09-01 21:37:42 +0000,2025-09-01 21:38:42 +0000,73,count/min,Apple Watch
2025-09-01 16:22:24 +0000,2025-09-01 16:23:24 +0000,78,count/min,Apple Watch
2025-09-01 15:05:41 +0000,2025-09-01 15:06:41 +0000,74,count/min,Apple Watch
2025-09-01 22:00:48 +0000,2025-09-01 22:01:48 +0000,67,count/min,Apple Watch
2025-09-02 08:48:10 +0000,2025-09-02 08:49:10 +0000,66,count/min,Apple Watch
2025-09-02 14:26:22 +0000,2025-09-02 14:27:22 +0000,79,count/min,Apple Watch
2025-09-02 15:03:42 +0000,2025-09-02 15:04:42 +0000,65,count/min,Apple Watch
2025-09-02 19:57:03 +0000,2025-09-02 19:58:03 +0000,76,count/min,Apple Watch
2025-09-02 11:20:57 +0000,2025-09-02 11:21:57 +0000,73,count/min,Apple Watch
2025-09-02 09:42:01 +0000,2025-09-02 09:43:01 +0000,67,count/min,Apple Watch
2025-09-02 09:42:33 +0000,2025-09-02 09:43:33 +0000,81,count/min,Apple Watch
2025-09-02 15:28:14 +0000,2025-09-02 15:29:14 +0000,71,count/min,Apple Watch
2025-09-02 09:36:21 +0000,2025-09-02 09:37:21 +0000,80,count/min,Apple Watch
2025-09-02 11:52:31 +0000,2025-09-02 11:53:31 +0000,78,count/min,Apple Watch
2025-09-02 09:37:52 +0000,2025-09-02 09:38:52 +0000,81,count/min,Apple Watch
2025-09-02 09:57:46 +0000,2025-09-02 09:58:46 +0000,75,count/min,Apple Watch
2025-09-03 19:59:18 +0000,2025-09-03 20:00:18 +0000,74,count/min,Apple Watch
2025-09-03 07:30:05 +0000,2025-09-03 07:31:05 +0000,64,count/min,Apple Watch
2025-09-03 07:53:47 +0000,2025-09-03 07:54:47 +0000,61,count/min,Apple Watch
2025-09-03 12:20:44 +0000,2025-09-03 12:21:44 +0000,66,count/min,Apple Watch
2025-09-03 15:26:48 +0000,2025-09-03 15:27:48 +0000,71,count/min,Apple Watch
2025-09-03 18:10:59 +0000,2025-09-03 18:11:59 +0000,76,count/min,Apple Watch
2025-09-03 19:42:31 +0000,2025-09-03 19:43:31 +0000,82,count/min,Apple Watch
2025-09-03 13:55:12 +0000,2025-09-03 13:56:12 +0000,83,count/min,Apple Watch
2025-09-03 22:51:34 +0000,2025-09-03 22:52:34 +0000,57,count/min,Apple Watch
2025-09-03 09:50:57 +0000,2025-09-03 09:51:57 +0000,67,count/min,Apple Watch
2025-09-03 13:49:19 +0000,2025-09-03 13:50:19 +0000,78,count/min,Apple Watch
2025-09-03 20:49:17 +0000,2025-09-03 20:50:17 +0000,76,count/min,Apple Watch
2025-09-04 12:42:29 +0000,2025-09-04 12:43:29 +0000,67,count/min,Apple Watch
2025-09-04 15:49:35 +0000,2025-09-04 15:50:35 +0000,79,count/min,Apple Watch
2025-09-04 08:53:55 +0000,2025-09-04 08:54:55 +0000,71,count/min,Apple Watch
2025-09-04 21:49:48 +0000,2025-09-04 21:50:48 +0000,88,count/min,Apple Watch
2025-09-04 19:11:46 +0000,2025-09-04 19:12:46 +0000,74,count/min,Apple Watch
2025-09-04 16:11:28 +0000,2025-09-04 16:12:28 +0000,79,count/min,Apple Watch
2025-09-04 19:56:15 +0000,2025-09-04 19:57:15 +0000,84,count/min,Apple Watch
2025-09-04 20:24:16 +0000,2025-09-04 20:25:16 +0000,70,count/min,Apple Watch
2025-09-04 09:06:39 +0000,2025-09-04 09:07:39 +0000,79,count/min,Apple Watch
2025-09-04 12:29:32 +0000,2025-09-04 12:30:32 +0000,71,count/min,Apple Watch
2025-09-05 14:58:13 +0000,2025-09-05 14:59:13 +0000,67,count/min,Apple Watch
2025-09-05 06:35:06 +0000,2025-09-05 06:36:06 +0000,64,count/min,Apple Watch
2025-09-05 22:49:26 +0000,2025-09-05 22:50:26 +0000,62,count/min,Apple Watch
2025-09-05 21:32:40 +0000,2025-09-05 21:33:40 +0000,81,count/min,Apple Watch
2025-09-05 19:43:53 +0000,2025-09-05 19:44:53 +0000,82,count/min,Apple Watch
2025-09-05 18:15:53 +0000,2025-09-05 18:16:53 +0000,76,count/min,Apple Watch
2025-09-05 11:40:37 +0000,2025-09-05 11:41:37 +0000,70,count/min,Apple Watch
2025-09-05 20:32:33 +0000,2025-09-05 20:33:33 +0000,77,count/min,Apple Watch
2025-09-05 14:07:27 +0000,2025-09-05 14:08:27 +0000,80,count/min,Apple Watch
2025-09-05 18:45:56 +0000,2025-09-05 18:46:56 +0000,85,count/min,Apple Watch
2025-09-05 16:58:14 +0000,2025-09-05 16:59:14 +0000,69,count/min,Apple Watch
2025-09-05 17:12:21 +0000,2025-09-05 17:13:21 +0000,84,count/min,Apple Watch
2025-09-05 09:28:33 +0000,2025-09-05 09:29:33 +0000,72,count/min,Apple Watch
2025-09-05 17:12:54 +0000,2025-09-05 17:13:54 +0000,67,count/min,Apple Watch
2025-09-06 20:42:32 +0000,2025-09-06 20:43:32 +0000,82,count/min,Apple Watch
2025-09-06 12:24:31 +0000,2025-09-06 12:25:31 +0000,76,count/min,Apple Watch
2025-09-06 07:05:27 +0000,2025-09-06 07:06:27 +0000,64,count/min,Apple Watch
2025-09-06 14:02:49 +0000,2025-09-06 14:03:49 +0000,79,count/min,Apple Watch
2025-09-06 21:40:19 +0000,2025-09-06 21:41:19 +0000,82,count/min,Apple Watch
2025-09-06 21:05:07 +0000,2025-09-06 21:06:07 +0000,89,count/min,Apple Watch
2025-09-06 19:22:05 +0000,2025-09-06 19:23:05 +0000,71,count/min,Apple Watch
2025-09-06 09:49:20 +0000,2025-09-06 09:50:20 +0000,81,count/min,Apple Watch
2025-09-06 10:21:48 +0000,2025-09-06 10:22:48 +0000,78,count/min,Apple Watch
2025-09-06 17:08:15 +0000,2025-09-06 17:09:15 +0000,71,count/min,Apple Watch
2025-09-06 12:04:45 +0000,2025-09-06 12:05:45 +0000,76,count/min,Apple Watch
2025-09-07 16:56:48 +0000,2025-09-07 16:57:48 +0000,83,count/min,Apple Watch
2025-09-07 19:58:57 +0000,2025-09-07 19:59:57 +0000,73,count/min,Apple Watch
2025-09-07 13:49:23 +0000,2025-09-07 13:50:23 +0000,71,count/min,Apple Watch
2025-09-07 21:18:25 +0000,2025-09-07 21:19:25 +0000,88,count/min,Apple Watch
2025-09-07 16:34:48 +0000,2025-09-07 16:35:48 +0000,78,count/min,Apple Watch
2025-09-07 06:34:42 +0000,2025-09-07 06:35:42 +0000,72,count/min,Apple Watch
2025-09-07 15:51:02 +0000,2025-09-07 15:52:02 +0000,80,count/min,Apple Watch
2025-09-07 20:27:32 +0000,2025-09-07 20:28:32 +0000,87,count/min,Apple Watch
2025-09-07 13:52:23 +0000,2025-09-07 13:53:23 +0000,66,count/min,Apple Watch
2025-09-08 19:10:00 +0000,2025-09-08 19:11:00 +0000,80,count/min,Apple Watch
2025-09-08 16:10:25 +0000,2025-09-08 16:11:25 +0000,81,count/min,Apple Watch
2025-09-08 12:10:34 +0000,2025-09-08 12:11:34 +0000,72,count/min,Apple Watch
2025-09-08 17:51:38 +0000,2025-09-08 17:52:38 +0000,82,count/min,Apple Watch
2025-09-08 22:20:50 +0000,2025-09-08 22:21:50 +0000,72,count/min,Apple Watch
2025-09-08 19:15:04 +0000,2025-09-08 19:16:04 +0000,82,count/min,Apple Watch
2025-09-08 09:57:59 +0000,2025-09-08 09:58:59 +0000,71,count/min,Apple Watch
2025-09-08 09:11:01 +0000,2025-09-08 09:12:01 +0000,71,count/min,Apple Watch
2025-09-08 18:21:09 +0000,2025-09-08 18:22:09 +0000,75,count/min,Apple Watch
2025-09-08 19:56:49 +0000,2025-09-08 19:57:49 +0000,86,count/min,Apple Watch
2025-09-08 13:01:34 +0000,2025-09-08 13:02:34 +0000,84,count/min,Apple Watch
2025-09-09 22:01:18 +0000,2025-09-09 22:02:18 +0000,70,count/min,Apple Watch
2025-09-09 16:57:34 +0000,2025-09-09 16:58:34 +0000,70,count/min,Apple Watch
2025-09-09 19:56:19 +0000,2025-09-09 19:57:19 +0000,83,count/min,Apple Watch
2025-09-09 08:28:05 +0000,2025-09-09 08:29:05 +0000,63,count/min,Apple Watch
2025-09-09 22:19:02 +0000,2025-09-09 22:20:02 +0000,59,count/min,Apple Watch
2025-09-09 14:17:49 +0000,2025-09-09 14:18:49 +0000,78,count/min,Apple Watch
2025-09-09 21:19:22 +0000,2025-09-09 21:20:22 +0000,85,count/min,Apple Watch
2025-09-09 19:46:33 +0000,2025-09-09 19:47:33 +0000,78,count/min,Apple Watch
2025-09-09 19:31:41 +0000,2025-09-09 19:32:41 +0000,71,count/min,Apple Watch
2025-09-10 07:49:22 +0000,2025-09-10 07:50:22 +0000,68,count/min,Apple Watch
2025-09-10 07:39:51 +0000,2025-09-10 07:40:51 +0000,65,count/min,Apple Watch
2025-09-10 14:22:18 +0000,2025-09-10 14:23:18 +0000,77,count/min,Apple Watch
2025-09-10 12:11:50 +0000,2025-09-10 12:12:50 +0000,68,count/min,Apple Watch
2025-09-10 11:31:33 +0000,2025-09-10 11:32:33 +0000,70,count/min,Apple Watch
2025-09-10 13:19:48 +0000,2025-09-10 13:20:48 +0000,74,count/min,Apple Watch
2025-09-10 09:25:29 +0000,2025-09-10 09:26:29 +0000,80,count/min,Apple Watch
2025-09-10 18:22:04 +0000,2025-09-10 18:23:04 +0000,81,count/min,Apple Watch
2025-09-11 22:18:03 +0000,2025-09-11 22:19:03 +0000,68,count/min,Apple Watch
2025-09-11 12:17:35 +0000,2025-09-11 12:18:35 +0000,75,count/min,Apple Watch
2025-09-11 06:22:59 +0000,2025-09-11 06:23:59 +0000,68,count/min,Apple Watch
2025-09-11 12:27:02 +0000,2025-09-11 12:28:02 +0000,79,count/min,Apple Watch
2025-09-11 11:37:28 +0000,2025-09-11 11:38:28 +0000,73,count/min,Apple Watch
2025-09-11 21:36:16 +0000,2025-09-11 21:37:16 +0000,88,count/min,Apple Watch
2025-09-11 17:18:09 +0000,2025-09-11 17:19:09 +0000,67,count/min,Apple Watch
2025-09-11 21:51:35 +0000,2025-09-11 21:52:35 +0000,84,count/min,Apple Watch
2025-09-11 22:41:00 +0000,2025-09-11 22:42:00 +0000,66,count/min,Apple Watch
2025-09-11 11:20:12 +0000,2025-09-11 11:21:12 +0000,81,count/min,Apple Watch
2025-09-11 13:49:02 +0000,2025-09-11 13:50:02 +0000,69,count/min,Apple Watch
2025-09-11 09:56:54 +0000,2025-09-11 09:57:54 +0000,69,count/min,Apple Watch
2025-09-12 19:04:52 +0000,2025-09-12 19:05:52 +0000,79,count/min,Apple Watch
2025-09-12 07:40:00 +0000,2025-09-12 07:41:00 +0000,63,count/min,Apple Watch
2025-09-12 10:14:50 +0000,2025-09-12 10:15:50 +0000,66,count/min,Apple Watch
2025-09-12 07:40:13 +0000,2025-09-12 07:41:13 +0000,74,count/min,Apple Watch
2025-09-12 19:32:21 +0000,2025-09-12 19:33:21 +0000,74,count/min,Apple Watch
2025-09-12 17:50:34 +0000,2025-09-12 17:51:34 +0000,79,count/min,Apple Watch
2025-09-12 15:44:48 +0000,2025-09-12 15:45:48 +0000,78,count/min,Apple Watch
2025-09-12 13:05:52 +0000,2025-09-12 13:06:52 +0000,83,count/min,Apple Watch
2025-09-12 12:32:16 +0000,2025-09-12 12:33:16 +0000,66,count/min,Apple Watch
2025-09-12 15:26:10 +0000,2025-09-12 15:27:10 +0000,78,count/min,Apple Watch
2025-09-12 12:30:30 +0000,2025-09-12 12:31:30 +0000,71,count/min,Apple Watch
2025-09-12 13:46:21 +0000,2025-09-12 13:47:21 +0000,71,count/min,Apple Watch
2025-09-12 18:25:41 +0000,2025-09-12 18:26:41 +0000,80,count/min,Apple Watch
2025-09-13 14:58:03 +0000,2025-09-13 14:59:03 +0000,77,count/min,Apple Watch
2025-09-13 12:23:26 +0000,2025-09-13 12:24:26 +0000,67,count/min,Apple Watch
2025-09-13 07:57:48 +0000,2025-09-13 07:58:48 +0000,64,count/min,Apple Watch
2025-09-13 16:04:03 +0000,2025-09-13 16:05:03 +0000,70,count/min,Apple Watch
2025-09-13 16:22:51 +0000,2025-09-13 16:23:51 +0000,76,count/min,Apple Watch
2025-09-13 08:17:54 +0000,2025-09-13 08:18:54 +0000,58,count/min,Apple Watch
2025-09-13 14:55:39 +0000,2025-09-13 14:56:39 +0000,76,count/min,Apple Watch
2025-09-13 20:15:02 +0000,2025-09-13 20:16:02 +0000,85,count/min,Apple Watch
2025-09-13 09:30:25 +0000,2025-09-13 09:31:25 +0000,66,count/min,Apple Watch
2025-09-13 14:44:03 +0000,2025-09-13 14:45:03 +0000,80,count/min,Apple Watch
2025-09-13 18:58:09 +0000,2025-09-13 18:59:09 +0000,88,count/min,Apple Watch
2025-09-14 19:51:14 +0000,2025-09-14 19:52:14 +0000,81,count/min,Apple Watch
2025-09-14 11:54:37 +0000,2025-09-14 11:55:37 +0000,72,count/min,Apple Watch
2025-09-14 15:42:07 +0000,2025-09-14 15:43:07 +0000,80,count/min,Apple Watch
2025-09-14 08:55:04 +0000,2025-09-14 08:56:04 +0000,61,count/min,Apple Watch
2025-09-14 12:16:59 +0000,2025-09-14 12:17:59 +0000,69,count/min,Apple Watch
2025-09-14 11:11:01 +0000,2025-09-14 11:12:01 +0000,77,count/min,Apple Watch
2025-09-14 10:10:49 +0000,2025-09-14 10:11:49 +0000,74,count/min,Apple Watch
2025-09-14 15:56:01 +0000,2025-09-14 15:57:01 +0000,69,count/min,Apple Watch
2025-09-14 21:04:55 +0000,2025-09-14 21:05:55 +0000,84,count/min,Apple Watch
2025-09-14 18:05:32 +0000,2025-09-14 18:06:32 +0000,72,count/min,Apple Watch
2025-09-15 20:09:04 +0000,2025-09-15 20:10:04 +0000,87,count/min,Apple Watch
2025-09-15 19:25:59 +0000,2025-09-15 19:26:59 +0000,83,count/min,Apple Watch
2025-09-15 11:33:25 +0000,2025-09-15 11:34:25 +0000,84,count/min,Apple Watch
2025-09-15 10:14:23 +0000,2025-09-15 10:15:23 +0000,83,count/min,Apple Watch
2025-09-15 10:36:40 +0000,2025-09-15 10:37:40 +0000,73,count/min,Apple Watch
2025-09-15 07:58:22 +0000,2025-09-15 07:59:22 +0000,74,count/min,Apple Watch
2025-09-15 12:10:45 +0000,2025-09-15 12:11:45 +0000,77,count/min,Apple Watch
2025-09-15 22:38:11 +0000,2025-09-15 22:39:11 +0000,74,count/min,Apple Watch
2025-09-16 06:12:18 +0000,2025-09-16 06:13:18 +0000,70,count/min,Apple Watch
2025-09-16 22:22:34 +0000,2025-09-16 22:23:34 +0000,61,count/min,Apple Watch
2025-09-16 08:22:06 +0000,2025-09-16 08:23:06 +0000,69,count/min,Apple Watch
2025-09-16 08:11:43 +0000,2025-09-16 08:12:43 +0000,71,count/min,Apple Watch
2025-09-16 14:43:39 +0000,2025-09-16 14:44:39 +0000,81,count/min,Apple Watch
2025-09-16 13:15:54 +0000,2025-09-16 13:16:54 +0000,81,count/min,Apple Watch
2025-09-16 17:11:32 +0000,2025-09-16 17:12:32 +0000,71,count/min,Apple Watch
2025-09-16 20:43:25 +0000,2025-09-16 20:44:25 +0000,75,count/min,Apple Watch
2025-09-16 17:59:05 +0000,2025-09-16 18:00:05 +0000,82,count/min,Apple Watch
2025-09-16 07:41:45 +0000,2025-09-16 07:42:45 +0000,57,count/min,Apple Watch
2025-09-16 15:13:40 +0000,2025-09-16 15:14:40 +0000,83,count/min,Apple Watch
2025-09-16 06:55:12 +0000,2025-09-16 06:56:12 +0000,70,count/min,Apple Watch
2025-09-16 10:56:54 +0000,2025-09-16 10:57:54 +0000,81,count/min,Apple Watch
2025-09-17 12:44:30 +0000,2025-09-17 12:45:30 +0000,69,count/min,Apple Watch
2025-09-17 11:32:20 +0000,2025-09-17 11:33:20 +0000,66,count/min,Apple Watch
2025-09-17 12:41:51 +0000,2025-09-17 12:42:51 +0000,69,count/min,Apple Watch
2025-09-17 20:26:19 +0000,2025-09-17 20:27:19 +0000,70,count/min,Apple Watch
2025-09-17 09:50:20 +0000,2025-09-17 09:51:20 +0000,82,count/min,Apple Watch
2025-09-17 22:17:04 +0000,2025-09-17 22:18:04 +0000,61,count/min,Apple Watch
2025-09-17 22:24:22 +0000,2025-09-17 22:25:22 +0000,58,count/min,Apple Watch
2025-09-17 10:49:00 +0000,2025-09-17 10:50:00 +0000,69,count/min,Apple Watch
2025-09-17 21:41:54 +0000,2025-09-17 21:42:54 +0000,87,count/min,Apple Watch
2025-09-18 09:10:23 +0000,2025-09-18 09:11:23 +0000,84,count/min,Apple Watch
2025-09-18 12:18:48 +0000,2025-09-18 12:19:48 +0000,75,count/min,Apple Watch
2025-09-18 08:06:09 +0000,2025-09-18 08:07:09 +0000,61,count/min,Apple Watch
2025-09-18 09:20:42 +0000,2025-09-18 09:21:42 +0000,74,count/min,Apple Watch
2025-09-18 15:25:22 +0000,2025-09-18 15:26:22 +0000,71,count/min,Apple Watch
2025-09-18 22:42:50 +0000,2025-09-18 22:43:50 +0000,62,count/min,Apple Watch
2025-09-18 10:39:01 +0000,2025-09-18 10:40:01 +0000,74,count/min,Apple Watch
2025-09-18 07:13:13 +0000,2025-09-18 07:14:13 +0000,65,count/min,Apple Watch
2025-09-19 15:10:39 +0000,2025-09-19 15:11:39 +0000,71,count/min,Apple Watch
2025-09-19 11:57:29 +0000,2025-09-19 11:58:29 +0000,72,count/min,Apple Watch
2025-09-19 13:20:37 +0000,2025-09-19 13:21:37 +0000,66,count/min,Apple Watch
2025-09-19 18:16:52 +0000,2025-09-19 18:17:52 +0000,83,count/min,Apple Watch
2025-09-19 10:09:28 +0000,2025-09-19 10:10:28 +0000,71,count/min,Apple Watch
2025-09-19 11:54:50 +0000,2025-09-19 11:55:50 +0000,84,count/min,Apple Watch
2025-09-19 17:09:42 +0000,2025-09-19 17:10:42 +0000,76,count/min,Apple Watch
2025-09-19 22:00:47 +0000,2025-09-19 22:01:47 +0000,67,count/min,Apple Watch
2025-09-19 12:48:47 +0000,2025-09-19 12:49:47 +0000,82,count/min,Apple Watch
2025-09-19 15:00:03 +0000,2025-09-19 15:01:03 +0000,80,count/min,Apple Watch
2025-09-19 16:06:04 +0000,2025-09-19 16:07:04 +0000,77,count/min,Apple Watch
2025-09-19 19:38:49 +0000,2025-09-19 19:39:49 +0000,86,count/min,Apple Watch
2025-09-19 20:58:13 +0000,2025-09-19 20:59:13 +0000,83,count/min,Apple Watch
2025-09-20 22:20:44 +0000,2025-09-20 22:21:44 +0000,74,count/min,Apple Watch
2025-09-20 14:02:20 +0000,2025-09-20 14:03:20 +0000,69,count/min,Apple Watch
2025-09-20 21:02:23 +0000,2025-09-20 21:03:23 +0000,82,count/min,Apple Watch
2025-09-20 21:01:45 +0000,2025-09-20 21:02:45 +0000,87,count/min,Apple Watch
2025-09-20 09:12:57 +0000,2025-09-20 09:13:57 +0000,67,count/min,Apple Watch
2025-09-20 17:30:16 +0000,2025-09-20 17:31:16 +0000,72,count/min,Apple Watch
2025-09-20 10:56:00 +0000,2025-09-20 10:57:00 +0000,82,count/min,Apple Watch
2025-09-20 19:13:43 +0000,2025-09-20 19:14:43 +0000,78,count/min,Apple Watch
2025-09-20 08:09:59 +0000,2025-09-20 08:10:59 +0000,59,count/min,Apple Watch
2025-09-21 13:46:32 +0000,2025-09-21 13:47:32 +0000,66,count/min,Apple Watch
2025-09-21 16:29:25 +0000,2025-09-21 16:30:25 +0000,71,count/min,Apple Watch
2025-09-21 12:25:16 +0000,2025-09-21 12:26:16 +0000,84,count/min,Apple Watch
2025-09-21 06:14:52 +0000,2025-09-21 06:15:52 +0000,66,count/min,Apple Watch
2025-09-21 18:41:49 +0000,2025-09-21 18:42:49 +0000,81,count/min,Apple Watch
2025-09-21 22:00:43 +0000,2025-09-21 22:01:43 +0000,70,count/min,Apple Watch
2025-09-21 14:53:45 +0000,2025-09-21 14:54:45 +0000,67,count/min,Apple Watch
2025-09-21 15:14:32 +0000,2025-09-21 15:15:32 +0000,70,count/min,Apple Watch
2025-09-21 18:49:08 +0000,2025-09-21 18:50:08 +0000,85,count/min,Apple Watch
2025-09-21 20:38:55 +0000,2025-09-21 20:39:55 +0000,72,count/min,Apple Watch
2025-09-21 14:49:05 +0000,2025-09-21 14:50:05 +0000,78,count/min,Apple Watch
2025-09-21 20:34:34 +0000,2025-09-21 20:35:34 +0000,74,count/min,Apple Watch
2025-09-21 08:33:13 +0000,2025-09-21 08:34:13 +0000,71,count/min,Apple Watch
2025-09-22 15:56:48 +0000,2025-09-22 15:57:48 +0000,65,count/min,Apple Watch
2025-09-22 18:50:16 +0000,2025-09-22 18:51:16 +0000,78,count/min,Apple Watch
2025-09-22 22:01:21 +0000,2025-09-22 22:02:21 +0000,62,count/min,Apple Watch
2025-09-22 20:55:57 +0000,2025-09-22 20:56:57 +0000,83,count/min,Apple Watch
2025-09-22 14:54:22 +0000,2025-09-22 14:55:22 +0000,75,count/min,Apple Watch
2025-09-22 11:34:21 +0000,2025-09-22 11:35:21 +0000,78,count/min,Apple Watch
2025-09-22 12:02:29 +0000,2025-09-22 12:03:29 +0000,68,count/min,Apple Watch
2025-09-22 22:17:26 +0000,2025-09-22 22:18:26 +0000,59,count/min,Apple Watch
2025-09-22 19:45:38 +0000,2025-09-22 19:46:38 +0000,78,count/min,Apple Watch
2025-09-22 10:45:39 +0000,2025-09-22 10:46:39 +0000,83,count/min,Apple Watch
2025-09-22 08:30:04 +0000,2025-09-22 08:31:04 +0000,58,count/min,Apple Watch
2025-09-23 12:56:07 +0000,2025-09-23 12:57:07 +0000,74,count/min,Apple Watch
2025-09-23 13:52:29 +0000,2025-09-23 13:53:29 +0000,71,count/min,Apple Watch
2025-09-23 13:12:31 +0000,2025-09-23 13:13:31 +0000,82,count/min,Apple Watch
2025-09-23 13:07:41 +0000,2025-09-23 13:08:41 +0000,79,count/min,Apple Watch
2025-09-23 20:18:29 +0000,2025-09-23 20:19:29 +0000,83,count/min,Apple Watch
2025-09-23 10:26:02 +0000,2025-09-23 10:27:02 +0000,65,count/min,Apple Watch
2025-09-23 08:01:45 +0000,2025-09-23 08:02:45 +0000,55,count/min,Apple Watch
2025-09-23 10:14:23 +0000,2025-09-23 10:15:23 +0000,73,count/min,Apple Watch
2025-09-23 22:11:44 +0000,2025-09-23 22:12:44 +0000,57,count/min,Apple Watch
2025-09-23 08:59:26 +0000,2025-09-23 09:00:26 +0000,64,count/min,Apple Watch
2025-09-23 16:27:03 +0000,2025-09-23 16:28:03 +0000,68,count/min,Apple Watch
2025-09-24 06:24:21 +0000,2025-09-24 06:25:21 +0000,66,count/min,Apple Watch
2025-09-24 08:08:30 +0000,2025-09-24 08:09:30 +0000,59,count/min,Apple Watch
2025-09-24 10:12:21 +0000,2025-09-24 10:13:21 +0000,66,count/min,Apple Watch
2025-09-24 12:29:35 +0000,2025-09-24 12:30:35 +0000,81,count/min,Apple Watch
2025-09-24 22:12:41 +0000,2025-09-24 22:13:41 +0000,73,count/min,Apple Watch
2025-09-24 14:58:36 +0000,2025-09-24 14:59:36 +0000,82,count/min,Apple Watch
2025-09-24 21:44:09 +0000,2025-09-24 21:45:09 +0000,86,count/min,Apple Watch
2025-09-24 14:28:20 +0000,2025-09-24 14:29:20 +0000,84,count/min,Apple Watch
2025-09-24 12:05:28 +0000,2025-09-24 12:06:28 +0000,74,count/min,Apple Watch
2025-09-24 10:04:08 +0000,2025-09-24 10:05:08 +0000,72,count/min,Apple Watch
2025-09-24 07:36:14 +0000,2025-09-24 07:37:14 +0000,69,count/min,Apple Watch
2025-09-24 11:47:11 +0000,2025-09-24 11:48:11 +0000,67,count/min,Apple Watch
2025-09-24 12:58:33 +0000,2025-09-24 12:59:33 +0000,68,count/min,Apple Watch
2025-09-24 15:50:18 +0000,2025-09-24 15:51:18 +0000,79,count/min,Apple Watch
2025-09-25 19:28:10 +0000,2025-09-25 19:29:10 +0000,74,count/min,Apple Watch
2025-09-25 19:33:41 +0000,2025-09-25 19:34:41 +0000,85,count/min,Apple Watch
2025-09-25 09:35:12 +0000,2025-09-25 09:36:12 +0000,75,count/min,Apple Watch
2025-09-25 22:47:37 +0000,2025-09-25 22:48:37 +0000,71,count/min,Apple Watch
2025-09-25 15:23:13 +0000,2025-09-25 15:24:13 +0000,72,count/min,Apple Watch
2025-09-25 16:15:32 +0000,2025-09-25 16:16:32 +0000,66,count/min,Apple Watch
2025-09-25 12:55:07 +0000,2025-09-25 12:56:07 +0000,71,count/min,Apple Watch
2025-09-25 09:58:28 +0000,2025-09-25 09:59:28 +0000,77,count/min,Apple Watch
2025-09-25 06:09:31 +0000,2025-09-25 06:10:31 +0000,66,count/min,Apple Watch
2025-09-25 19:51:04 +0000,2025-09-25 19:52:04 +0000,89,count/min,Apple Watch
2025-09-25 11:28:20 +0000,2025-09-25 11:29:20 +0000,70,count/min,Apple Watch
2025-09-26 18:06:32 +0000,2025-09-26 18:07:32 +0000,88,count/min,Apple Watch
2025-09-26 22:49:46 +0000,2025-09-26 22:50:46 +0000,56,count/min,Apple Watch
2025-09-26 15:35:14 +0000,2025-09-26 15:36:14 +0000,80,count/min,Apple Watch
2025-09-26 09:37:24 +0000,2025-09-26 09:38:24 +0000,69,count/min,Apple Watch
2025-09-26 21:33:14 +0000,2025-09-26 21:34:14 +0000,80,count/min,Apple Watch
2025-09-26 13:54:08 +0000,2025-09-26 13:55:08 +0000,79,count/min,Apple Watch
2025-09-26 17:12:52 +0000,2025-09-26 17:13:52 +0000,68,count/min,Apple Watch
2025-09-26 15:23:58 +0000,2025-09-26 15:24:58 +0000,82,count/min,Apple Watch
2025-09-26 15:19:26 +0000,2025-09-26 15:20:26 +0000,76,count/min,Apple Watch
2025-09-27 22:41:39 +0000,2025-09-27 22:42:39 +0000,64,count/min,Apple Watch
2025-09-27 06:46:14 +0000,2025-09-27 06:47:14 +0000,62,count/min,Apple Watch
2025-09-27 11:49:14 +0000,2025-09-27 11:50:14 +0000,71,count/min,Apple Watch
2025-09-27 10:05:58 +0000,2025-09-27 10:06:58 +0000,72,count/min,Apple Watch
2025-09-27 14:22:31 +0000,2025-09-27 14:23:31 +0000,76,count/min,Apple Watch
2025-09-27 16:36:28 +0000,2025-09-27 16:37:28 +0000,81,count/min,Apple Watch
2025-09-27 17:03:51 +0000,2025-09-27 17:04:51 +0000,67,count/min,Apple Watch
2025-09-27 16:10:30 +0000,2025-09-27 16:11:30 +0000,68,count/min,Apple Watch
2025-09-27 21:39:48 +0000,2025-09-27 21:40:48 +0000,89,count/min,Apple Watch
2025-09-27 21:19:06 +0000,2025-09-27 21:20:06 +0000,84,count/min,Apple Watch
2025-09-27 12:04:35 +0000,2025-09-27 12:05:35 +0000,76,count/min,Apple Watch
2025-09-27 06:43:47 +0000,2025-09-27 06:44:47 +0000,55,count/min,Apple Watch
2025-09-28 19:08:52 +0000,2025-09-28 19:09:52 +0000,84,count/min,Apple Watch
2025-09-28 13:09:33 +0000,2025-09-28 13:10:33 +0000,84,count/min,Apple Watch
2025-09-28 17:47:32 +0000,2025-09-28 17:48:32 +0000,84,count/min,Apple Watch
2025-09-28 07:49:19 +0000,2025-09-28 07:50:19 +0000,57,count/min,Apple Watch
2025-09-28 17:52:40 +0000,2025-09-28 17:53:40 +0000,74,count/min,Apple Watch
2025-09-28 08:14:48 +0000,2025-09-28 08:15:48 +0000,58,count/min,Apple Watch
2025-09-28 18:53:01 +0000,2025-09-28 18:54:01 +0000,89,count/min,Apple Watch
2025-09-28 16:27:33 +0000,2025-09-28 16:28:33 +0000,75,count/min,Apple Watch
2025-09-28 09:16:03 +0000,2025-09-28 09:17:03 +0000,65,count/min,Apple Watch
2025-09-28 21:26:46 +0000,2025-09-28 21:27:46 +0000,74,count/min,Apple Watch
2025-09-28 06:32:14 +0000,2025-09-28 06:33:14 +0000,59,count/min,Apple Watch
2025-09-28 22:26:17 +0000,2025-09-28 22:27:17 +0000,66,count/min,Apple Watch
2025-09-28 09:33:42 +0000,2025-09-28 09:34:42 +0000,68,count/min,Apple Watch
2025-09-28 19:08:38 +0000,2025-09-28 19:09:38 +0000,79,count/min,Apple Watch
2025-09-29 09:05:02 +0000,2025-09-29 09:06:02 +0000,80,count/min,Apple Watch
2025-09-29 11:42:43 +0000,2025-09-29 11:43:43 +0000,79,count/min,Apple Watch
2025-09-29 17:02:22 +0000,2025-09-29 17:03:22 +0000,73,count/min,Apple Watch
2025-09-29 22:19:47 +0000,2025-09-29 22:20:47 +0000,58,count/min,Apple Watch
2025-09-29 22:48:13 +0000,2025-09-29 22:49:13 +0000,65,count/min,Apple Watch
2025-09-29 21:32:14 +0000,2025-09-29 21:33:14 +0000,77,count/min,Apple Watch
2025-09-29 15:15:23 +0000,2025-09-29 15:16:23 +0000,83,count/min,Apple Watch
2025-09-29 16:48:59 +0000,2025-09-29 16:49:59 +0000,71,count/min,Apple Watch
2025-09-29 19:51:27 +0000,2025-09-29 19:52:27 +0000,87,count/min,Apple Watch
2025-09-29 14:32:21 +0000,2025-09-29 14:33:21 +0000,70,count/min,Apple Watch
2025-09-30 10:43:43 +0000,2025-09-30 10:44:43 +0000,67,count/min,Apple Watch
2025-09-30 22:49:23 +0000,2025-09-30 22:50:23 +0000,67,count/min,Apple Watch
2025-09-30 08:46:56 +0000,2025-09-30 08:47:56 +0000,61,count/min,Apple Watch
2025-09-30 18:45:07 +0000,2025-09-30 18:46:07 +0000,80,count/min,Apple Watch
2025-09-30 19:52:40 +0000,2025-09-30 19:53:40 +0000,86,count/min,Apple Watch
2025-09-30 15:13:59 +0000,2025-09-30 15:14:59 +0000,67,count/min,Apple Watch
2025-09-30 19:19:33 +0000,2025-09-30 19:20:33 +0000,81,count/min,Apple Watch
2025-09-30 19:12:32 +0000,2025-09-30 19:13:32 +0000,73,count/min,Apple Watch
2025-09-30 11:17:23 +0000,2025-09-30 11:18:23 +0000,73,count/min,Apple Watch
2025-09-30 13:30:02 +0000,2025-09-30 13:31:02 +0000,66,count/min,Apple Watch
2025-09-30 15:06:09 +0000,2025-09-30 15:07:09 +0000,84,count/min,Apple Watch
2025-09-30 15:48:24 +0000,2025-09-30 15:49:24 +0000,73,count/min,Apple Watch
2025-09-30 20:37:06 +0000,2025-09-30 20:38:06 +0000,79,count/min,Apple Watch
2025-09-30 13:50:10 +0000,2025-09-30 13:51:10 +0000,67,count/min,Apple Watch
2025-10-01 07:25:39 +0000,2025-10-01 07:26:39 +0000,60,count/min,Apple Watch
2025-10-01 19:25:38 +0000,2025-10-01 19:26:38 +0000,87,count/min,Apple Watch
2025-10-01 12:42:03 +0000,2025-10-01 12:43:03 +0000,75,count/min,Apple Watch
2025-10-01 12:29:43 +0000,2025-10-01 12:30:43 +0000,68,count/min,Apple Watch
2025-10-01 22:43:49 +0000,2025-10-01 22:44:49 +0000,68,count/min,Apple Watch
2025-10-01 22:52:11 +0000,2025-10-01 22:53:11 +0000,57,count/min,Apple Watch
2025-10-01 13:41:14 +0000,2025-10-01 13:42:14 +0000,82,count/min,Apple Watch
2025-10-01 14:29:44 +0000,2025-10-01 14:30:44 +0000,80,count/min,Apple Watch
2025-10-01 21:06:47 +0000,2025-10-01 21:07:47 +0000,89,count/min,Apple Watch
2025-10-01 10:00:06 +0000,2025-10-01 10:01:06 +0000,74,count/min,Apple Watch
2025-10-01 15:39:04 +0000,2025-10-01 15:40:04 +0000,66,count/min,Apple Watch
2025-10-02 14:02:53 +0000,2025-10-02 14:03:53 +0000,73,count/min,Apple Watch
2025-10-02 18:07:01 +0000,2025-10-02 18:08:01 +0000,79,count/min,Apple Watch
2025-10-02 18:15:50 +0000,2025-10-02 18:16:50 +0000,74,count/min,Apple Watch
2025-10-02 12:14:39 +0000,2025-10-02 12:15:39 +0000,77,count/min,Apple Watch
2025-10-02 06:45:11 +0000,2025-10-02 06:46:11 +0000,61,count/min,Apple Watch
2025-10-02 20:19:56 +0000,2025-10-02 20:20:56 +0000,72,count/min,Apple Watch
2025-10-02 10:13:15 +0000,2025-10-02 10:14:15 +0000,82,count/min,Apple Watch
2025-10-02 14:41:23 +0000,2025-10-02 14:42:23 +0000,73,count/min,Apple Watch
2025-10-02 09:08:33 +0000,2025-10-02 09:09:33 +0000,81,count/min,Apple Watch
2025-10-02 21:37:29 +0000,2025-10-02 21:38:29 +0000,75,count/min,Apple Watch
2025-10-02 10:02:44 +0000,2025-10-02 10:03:44 +0000,76,count/min,Apple Watch
2025-10-03 14:47:40 +0000,2025-10-03 14:48:40 +0000,67,count/min,Apple Watch
2025-10-03 15:30:00 +0000,2025-10-03 15:31:00 +0000,84,count/min,Apple Watch
2025-10-03 10:23:53 +0000,2025-10-03 10:24:53 +0000,68,count/min,Apple Watch
2025-10-03 16:44:11 +0000,2025-10-03 16:45:11 +0000,66,count/min,Apple Watch
2025-10-03 13:25:15 +0000,2025-10-03 13:26:15 +0000,76,count/min,Apple Watch
2025-10-03 18:09:47 +0000,2025-10-03 18:10:47 +0000,84,count/min,Apple Watch
2025-10-03 06:19:20 +0000,2025-10-03 06:20:20 +0000,70,count/min,Apple Watch
2025-10-03 13:31:25 +0000,2025-10-03 13:32:25 +0000,68,count/min,Apple Watch
2025-10-03 17:07:40 +0000,2025-10-03 17:08:40 +0000,79,count/min,Apple Watch
2025-10-03 07:14:46 +0000,2025-10-03 07:15:46 +0000,65,count/min,Apple Watch
2025-10-03 21:31:53 +0000,2025-10-03 21:32:53 +0000,86,count/min,Apple Watch
2025-10-04 18:47:11 +0000,2025-10-04 18:48:11 +0000,74,count/min,Apple Watch
2025-10-04 12:20:45 +0000,2025-10-04 12:21:45 +0000,69,count/min,Apple Watch
2025-10-04 22:45:47 +0000,2025-10-04 22:46:47 +0000,62,count/min,Apple Watch
2025-10-04 20:39:44 +0000,2025-10-04 20:40:44 +0000,74,count/min,Apple Watch
2025-10-04 10:50:20 +0000,2025-10-04 10:51:20 +0000,76,count/min,Apple Watch
2025-10-04 20:50:07 +0000,2025-10-04 20:51:07 +0000,71,count/min,Apple Watch
2025-10-04 08:07:58 +0000,2025-10-04 08:08:58 +0000,64,count/min,Apple Watch
2025-10-04 13:31:51 +0000,2025-10-04 13:32:51 +0000,71,count/min,Apple Watch
2025-10-04 16:52:04 +0000,2025-10-04 16:53:04 +0000,65,count/min,Apple Watch
2025-10-04 09:21:43 +0000,2025-10-04 09:22:43 +0000,75,count/min,Apple Watch
2025-10-04 11:32:35 +0000,2025-10-04 11:33:35 +0000,78,count/min,Apple Watch
2025-10-04 16:06:24 +0000,2025-10-04 16:07:24 +0000,73,count/min,Apple Watch
2025-10-04 12:21:52 +0000,2025-10-04 12:22:52 +0000,78,count/min,Apple Watch
2025-10-05 22:53:23 +0000,2025-10-05 22:54:23 +0000,67,count/min,Apple Watch
2025-10-05 19:49:38 +0000,2025-10-05 19:50:38 +0000,77,count/min,Apple Watch
2025-10-05 13:49:11 +0000,2025-10-05 13:50:11 +0000,74,count/min,Apple Watch
2025-10-05 20:13:56 +0000,2025-10-05 20:14:56 +0000,74,count/min,Apple Watch
2025-10-05 19:34:09 +0000,2025-10-05 19:35:09 +0000,79,count/min,Apple Watch
2025-10-05 12:27:15 +0000,2025-10-05 12:28:15 +0000,77,count/min,Apple Watch
2025-10-05 07:51:01 +0000,2025-10-05 07:52:01 +0000,59,count/min,Apple Watch
2025-10-05 09:28:53 +0000,2025-10-05 09:29:53 +0000,82,count/min,Apple Watch
2025-10-05 16:30:23 +0000,2025-10-05 16:31:23 +0000,67,count/min,Apple Watch
2025-10-05 07:34:24 +0000,2025-10-05 07:35:24 +0000,71,count/min,Apple Watch
2025-10-05 07:30:50 +0000,2025-10-05 07:31:50 +0000,65,count/min,Apple Watch
2025-10-05 20:42:33 +0000,2025-10-05 20:43:33 +0000,88,count/min,Apple Watch
2025-10-05 09:26:37 +0000,2025-10-05 09:27:37 +0000,82,count/min,Apple Watch
2025-10-06 09:43:38 +0000,2025-10-06 09:44:38 +0000,81,count/min,Apple Watch
2025-10-06 11:33:07 +0000,2025-10-06 11:34:07 +0000,75,count/min,Apple Watch
2025-10-06 20:27:52 +0000,2025-10-06 20:28:52 +0000,87,count/min,Apple Watch
2025-10-06 14:23:16 +0000,2025-10-06 14:24:16 +0000,72,count/min,Apple Watch
2025-10-06 17:07:09 +0000,2025-10-06 17:08:09 +0000,74,count/min,Apple Watch
2025-10-06 11:31:58 +0000,2025-10-06 11:32:58 +0000,65,count/min,Apple Watch
2025-10-06 07:20:57 +0000,2025-10-06 07:21:57 +0000,66,count/min,Apple Watch
2025-10-06 17:45:53 +0000,2025-10-06 17:46:53 +0000,66,count/min,Apple Watch
2025-10-07 08:53:32 +0000,2025-10-07 08:54:32 +0000,65,count/min,Apple Watch
2025-10-07 12:09:51 +0000,2025-10-07 12:10:51 +0000,78,count/min,Apple Watch
2025-10-07 12:26:03 +0000,2025-10-07 12:27:03 +0000,75,count/min,Apple Watch
2025-10-07 15:19:00 +0000,2025-10-07 15:20:00 +0000,74,count/min,Apple Watch
2025-10-07 13:26:16 +0000,2025-10-07 13:27:16 +0000,74,count/min,Apple Watch
2025-10-07 20:06:54 +0000,2025-10-07 20:07:54 +0000,72,count/min,Apple Watch
2025-10-07 14:42:34 +0000,2025-10-07 14:43:34 +0000,75,count/min,Apple Watch
2025-10-07 20:22:46 +0000,2025-10-07 20:23:46 +0000,77,count/min,Apple Watch
2025-10-07 09:52:44 +0000,2025-10-07 09:53:44 +0000,65,count/min,Apple Watch
2025-10-07 07:49:12 +0000,2025-10-07 07:50:12 +0000,73,count/min,Apple Watch
2025-10-07 13:58:06 +0000,2025-10-07 13:59:06 +0000,83,count/min,Apple Watch
2025-10-08 06:41:43 +0000,2025-10-08 06:42:43 +0000,60,count/min,Apple Watch
2025-10-08 19:39:09 +0000,2025-10-08 19:40:09 +0000,71,count/min,Apple Watch
2025-10-08 08:42:05 +0000,2025-10-08 08:43:05 +0000,59,count/min,Apple Watch
2025-10-08 14:27:52 +0000,2025-10-08 14:28:52 +0000,65,count/min,Apple Watch
2025-10-08 19:47:43 +0000,2025-10-08 19:48:43 +0000,75,count/min,Apple Watch
2025-10-08 16:44:40 +0000,2025-10-08 16:45:40 +0000,80,count/min,Apple Watch
2025-10-08 08:33:46 +0000,2025-10-08 08:34:46 +0000,63,count/min,Apple Watch
2025-10-08 07:05:04 +0000,2025-10-08 07:06:04 +0000,74,count/min,Apple Watch
2025-10-08 16:53:26 +0000,2025-10-08 16:54:26 +0000,67,count/min,Apple Watch
2025-10-09 17:21:58 +0000,2025-10-09 17:22:58 +0000,76,count/min,Apple Watch
2025-10-09 09:35:14 +0000,2025-10-09 09:36:14 +0000,83,count/min,Apple Watch
2025-10-09 07:58:41 +0000,2025-10-09 07:59:41 +0000,73,count/min,Apple Watch
2025-10-09 13:04:58 +0000,2025-10-09 13:05:58 +0000,80,count/min,Apple Watch
2025-10-09 13:27:47 +0000,2025-10-09 13:28:47 +0000,71,count/min,Apple Watch
2025-10-09 22:42:45 +0000,2025-10-09 22:43:45 +0000,70,count/min,Apple Watch
2025-10-09 10:18:43 +0000,2025-10-09 10:19:43 +0000,73,count/min,Apple Watch
2025-10-09 08:03:02 +0000,2025-10-09 08:04:02 +0000,56,count/min,Apple Watch
2025-10-09 07:49:29 +0000,2025-10-09 07:50:29 +0000,57,count/min,Apple Watch
2025-10-09 18:58:17 +0000,2025-10-09 18:59:17 +0000,87,count/min,Apple Watch
2025-10-09 06:10:12 +0000,2025-10-09 06:11:12 +0000,71,count/min,Apple Watch
2025-10-10 13:31:15 +0000,2025-10-10 13:32:15 +0000,75,count/min,Apple Watch
2025-10-10 14:10:01 +0000,2025-10-10 14:11:01 +0000,79,count/min,Apple Watch
2025-10-10 19:35:17 +0000,2025-10-10 19:36:17 +0000,81,count/min,Apple Watch
2025-10-10 17:22:23 +0000,2025-10-10 17:23:23 +0000,80,count/min,Apple Watch
2025-10-10 11:38:57 +0000,2025-10-10 11:39:57 +0000,72,count/min,Apple Watch
2025-10-10 21:10:18 +0000,2025-10-10 21:11:18 +0000,84,count/min,Apple Watch
2025-10-10 20:24:45 +0000,2025-10-10 20:25:45 +0000,73,count/min,Apple Watch
2025-10-10 21:29:26 +0000,2025-10-10 21:30:26 +0000,84,count/min,Apple Watch
2025-10-10 10:38:56 +0000,2025-10-10 10:39:56 +0000,74,count/min,Apple Watch
2025-10-10 09:30:35 +0000,2025-10-10 09:31:35 +0000,71,count/min,Apple Watch
2025-10-10 13:44:00 +0000,2025-10-10 13:45:00 +0000,76,count/min,Apple Watch
2025-10-11 22:30:36 +0000,2025-10-11 22:31:36 +0000,68,count/min,Apple Watch
2025-10-11 18:35:24 +0000,2025-10-11 18:36:24 +0000,70,count/min,Apple Watch
2025-10-11 19:42:39 +0000,2025-10-11 19:43:39 +0000,83,count/min,Apple Watch
2025-10-11 21:17:27 +0000,2025-10-11 21:18:27 +0000,88,count/min,Apple Watch
2025-10-11 21:36:04 +0000,2025-10-11 21:37:04 +0000,89,count/min,Apple Watch
2025-10-11 18:31:07 +0000,2025-10-11 18:32:07 +0000,83,count/min,Apple Watch
2025-10-11 16:42:51 +0000,2025-10-11 16:43:51 +0000,82,count/min,Apple Watch
2025-10-11 20:56:06 +0000,2025-10-11 20:57:06 +0000,70,count/min,Apple Watch
2025-10-12 20:15:15 +0000,2025-10-12 20:16:15 +0000,79,count/min,Apple Watch
2025-10-12 21:52:35 +0000,2025-10-12 21:53:35 +0000,73,count/min,Apple Watch
2025-10-12 06:55:45 +0000,2025-10-12 06:56:45 +0000,64,count/min,Apple Watch
2025-10-12 15:04:16 +0000,2025-10-12 15:05:16 +0000,80,count/min,Apple Watch
2025-10-12 06:12:14 +0000,2025-10-12 06:13:14 +0000,57,count/min,Apple Watch
2025-10-12 12:19:17 +0000,2025-10-12 12:20:17 +0000,66,count/min,Apple Watch
2025-10-12 19:30:44 +0000,2025-10-12 19:31:44 +0000,71,count/min,Apple Watch
2025-10-12 11:55:15 +0000,2025-10-12 11:56:15 +0000,78,count/min,Apple Watch
2025-10-12 15:35:40 +0000,2025-10-12 15:36:40 +0000,77,count/min,Apple Watch
2025-10-12 07:22:09 +0000,2025-10-12 07:23:09 +0000,69,count/min,Apple Watch
2025-10-12 22:28:23 +0000,2025-10-12 22:29:23 +0000,62,count/min,Apple Watch
2025-10-12 20:12:39 +0000,2025-10-12 20:13:39 +0000,77,count/min,Apple Watch
2025-10-13 07:52:04 +0000,2025-10-13 07:53:04 +0000,67,count/min,Apple Watch
2025-10-13 17:11:13 +0000,2025-10-13 17:12:13 +0000,76,count/min,Apple Watch
2025-10-13 16:20:37 +0000,2025-10-13 16:21:37 +0000,67,count/min,Apple Watch
2025-10-13 16:58:55 +0000,2025-10-13 16:59:55 +0000,84,count/min,Apple Watch
2025-10-13 21:16:56 +0000,2025-10-13 21:17:56 +0000,89,count/min,Apple Watch
2025-10-13 11:39:25 +0000,2025-10-13 11:40:25 +0000,67,count/min,Apple Watch
2025-10-13 22:22:01 +0000,2025-10-13 22:23:01 +0000,74,count/min,Apple Watch
2025-10-13 16:03:42 +0000,2025-10-13 16:04:42 +0000,75,count/min,Apple Watch
2025-10-13 15:32:11 +0000,2025-10-13 15:33:11 +0000,80,count/min,Apple Watch
2025-10-13 17:12:44 +0000,2025-10-13 17:13:44 +0000,67,count/min,Apple Watch
2025-10-14 22:38:09 +0000,2025-10-14 22:39:09 +0000,55,count/min,Apple Watch
2025-10-14 15:22:25 +0000,2025-10-14 15:23:25 +0000,69,count/min,Apple Watch
2025-10-14 10:46:03 +0000,2025-10-14 10:47:03 +0000,73,count/min,Apple Watch
2025-10-14 11:04:42 +0000,2025-10-14 11:05:42 +0000,72,count/min,Apple Watch
2025-10-14 22:42:47 +0000,2025-10-14 22:43:47 +0000,63,count/min,Apple Watch
2025-10-14 09:48:33 +0000,2025-10-14 09:49:33 +0000,71,count/min,Apple Watch
2025-10-14 08:50:29 +0000,2025-10-14 08:51:29 +0000,57,count/min,Apple Watch
2025-10-14 21:21:03 +0000,2025-10-14 21:22:03 +0000,85,count/min,Apple Watch
2025-10-14 21:25:44 +0000,2025-10-14 21:26:44 +0000,81,count/min,Apple Watch
2025-10-14 11:44:56 +0000,2025-10-14 11:45:56 +0000,68,count/min,Apple Watch
2025-10-14 09:52:04 +0000,2025-10-14 09:53:04 +0000,66,count/min,Apple Watch
2025-10-14 11:11:25 +0000,2025-10-14 11:12:25 +0000,72,count/min,Apple Watch
2025-10-14 14:33:36 +0000,2025-10-14 14:34:36 +0000,73,count/min,Apple Watch
2025-10-15 15:07:00 +0000,2025-10-15 15:08:00 +0000,66,count/min,Apple Watch
2025-10-15 14:00:01 +0000,2025-10-15 14:01:01 +0000,73,count/min,Apple Watch
2025-10-15 10:43:52 +0000,2025-10-15 10:44:52 +0000,77,count/min,Apple Watch
2025-10-15 09:00:12 +0000,2025-10-15 09:01:12 +0000,70,count/min,Apple Watch
2025-10-15 08:13:21 +0000,2025-10-15 08:14:21 +0000,69,count/min,Apple Watch
2025-10-15 08:55:01 +0000,2025-10-15 08:56:01 +0000,68,count/min,Apple Watch
2025-10-15 06:38:01 +0000,2025-10-15 06:39:01 +0000,59,count/min,Apple Watch
2025-10-15 19:56:26 +0000,2025-10-15 19:57:26 +0000,88,count/min,Apple Watch
2025-10-16 06:01:39 +0000,2025-10-16 06:02:39 +0000,73,count/min,Apple Watch
2025-10-16 10:55:30 +0000,2025-10-16 10:56:30 +0000,69,count/min,Apple Watch
2025-10-16 16:22:28 +0000,2025-10-16 16:23:28 +0000,66,count/min,Apple Watch
2025-10-16 19:11:46 +0000,2025-10-16 19:12:46 +0000,73,count/min,Apple Watch
2025-10-16 17:16:16 +0000,2025-10-16 17:17:16 +0000,76,count/min,Apple Watch
2025-10-16 07:19:33 +0000,2025-10-16 07:20:33 +0000,73,count/min,Apple Watch
2025-10-16 20:08:57 +0000,2025-10-16 20:09:57 +0000,77,count/min,Apple Watch
2025-10-16 19:54:29 +0000,2025-10-16 19:55:29 +0000,78,count/min,Apple Watch
2025-10-16 14:17:02 +0000,2025-10-16 14:18:02 +0000,72,count/min,Apple Watch
2025-10-16 13:05:26 +0000,2025-10-16 13:06:26 +0000,82,count/min,Apple Watch
2025-10-16 14:29:53 +0000,2025-10-16 14:30:53 +0000,75,count/min,Apple Watch
2025-10-16 10:26:21 +0000,2025-10-16 10:27:21 +0000,67,count/min,Apple Watch
2025-10-17 18:44:33 +0000,2025-10-17 18:45:33 +0000,70,count/min,Apple Watch
2025-10-17 15:50:29 +0000,2025-10-17 15:51:29 +0000,82,count/min,Apple Watch
2025-10-17 20:30:32 +0000,2025-10-17 20:31:32 +0000,85,count/min,Apple Watch
2025-10-17 17:45:16 +0000,2025-10-17 17:46:16 +0000,67,count/min,Apple Watch
2025-10-17 17:14:40 +0000,2025-10-17 17:15:40 +0000,80,count/min,Apple Watch
2025-10-17 22:21:38 +0000,2025-10-17 22:22:38 +0000,74,count/min,Apple Watch
2025-10-17 10:08:41 +0000,2025-10-17 10:09:41 +0000,81,count/min,Apple Watch
2025-10-17 17:52:56 +0000,2025-10-17 17:53:56 +0000,71,count/min,Apple Watch
2025-10-17 07:50:47 +0000,2025-10-17 07:51:47 +0000,63,count/min,Apple Watch
2025-10-17 16:34:47 +0000,2025-10-17 16:35:47 +0000,73,count/min,Apple Watch
2025-10-17 07:31:03 +0000,2025-10-17 07:32:03 +0000,71,count/min,Apple Watch
2025-10-17 14:55:29 +0000,2025-10-17 14:56:29 +0000,73,count/min,Apple Watch
2025-10-17 08:06:50 +0000,2025-10-17 08:07:50 +0000,70,count/min,Apple Watch
2025-10-18 17:02:57 +0000,2025-10-18 17:03:57 +0000,76,count/min,Apple Watch
2025-10-18 13:24:20 +0000,2025-10-18 13:25:20 +0000,75,count/min,Apple Watch
2025-10-18 15:54:26 +0000,2025-10-18 15:55:26 +0000,66,count/min,Apple Watch
2025-10-18 12:44:34 +0000,2025-10-18 12:45:34 +0000,71,count/min,Apple Watch
2025-10-18 22:40:56 +0000,2025-10-18 22:41:56 +0000,62,count/min,Apple Watch
2025-10-18 16:24:36 +0000,2025-10-18 16:25:36 +0000,73,count/min,Apple Watch
2025-10-18 11:04:32 +0000,2025-10-18 11:05:32 +0000,66,count/min,Apple Watch
2025-10-18 06:17:36 +0000,2025-10-18 06:18:36 +0000,61,count/min,Apple Watch
2025-10-19 19:07:14 +0000,2025-10-19 19:08:14 +0000,72,count/min,Apple Watch
2025-10-19 10:38:06 +0000,2025-10-19 10:39:06 +0000,75,count/min,Apple Watch
2025-10-19 20:37:28 +0000,2025-10-19 20:38:28 +0000,88,count/min,Apple Watch
2025-10-19 10:48:10 +0000,2025-10-19 10:49:10 +0000,78,count/min,Apple Watch
2025-10-19 17:26:03 +0000,2025-10-19 17:27:03 +0000,70,count/min,Apple Watch
2025-10-19 18:33:51 +0000,2025-10-19 18:34:51 +0000,75,count/min,Apple Watch
2025-10-19 08:50:50 +0000,2025-10-19 08:51:50 +0000,59,count/min,Apple Watch
2025-10-19 14:43:35 +0000,2025-10-19 14:44:35 +0000,65,count/min,Apple Watch
2025-10-19 18:10:31 +0000,2025-10-19 18:11:31 +0000,71,count/min,Apple Watch
2025-10-19 16:44:37 +0000,2025-10-19 16:45:37 +0000,67,count/min,Apple Watch
2025-10-19 15:44:55 +0000,2025-10-19 15:45:55 +0000,68,count/min,Apple Watch
2025-10-20 06:42:57 +0000,2025-10-20 06:43:57 +0000,60,count/min,Apple Watch
2025-10-20 16:47:02 +0000,2025-10-20 16:48:02 +0000,78,count/min,Apple Watch
2025-10-20 08:27:35 +0000,2025-10-20 08:28:35 +0000,73,count/min,Apple Watch
2025-10-20 21:32:16 +0000,2025-10-20 21:33:16 +0000,71,count/min,Apple Watch
2025-10-20 12:59:24 +0000,2025-10-20 13:00:24 +0000,71,count/min,Apple Watch
2025-10-20 15:51:17 +0000,2025-10-20 15:52:17 +0000,74,count/min,Apple Watch
2025-10-20 06:25:08 +0000,2025-10-20 06:26:08 +0000,62,count/min,Apple Watch
2025-10-20 19:41:27 +0000,2025-10-20 19:42:27 +0000,81,count/min,Apple Watch
2025-10-20 17:33:32 +0000,2025-10-20 17:34:32 +0000,76,count/min,Apple Watch
2025-10-20 21:27:05 +0000,2025-10-20 21:28:05 +0000,79,count/min,Apple Watch
2025-10-20 08:47:12 +0000,2025-10-20 08:48:12 +0000,61,count/min,Apple Watch
2025-10-20 06:10:50 +0000,2025-10-20 06:11:50 +0000,60,count/min,Apple Watch
2025-10-20 13:07:07 +0000,2025-10-20 13:08:07 +0000,79,count/min,Apple Watch
2025-10-20 19:28:10 +0000,2025-10-20 19:29:10 +0000,72,count/min,Apple Watch
2025-10-21 12:11:38 +0000,2025-10-21 12:12:38 +0000,76,count/min,Apple Watch
2025-10-21 15:14:20 +0000,2025-10-21 15:15:20 +0000,74,count/min,Apple Watch
2025-10-21 21:33:56 +0000,2025-10-21 21:34:56 +0000,83,count/min,Apple Watch
2025-10-21 10:03:58 +0000,2025-10-21 10:04:58 +0000,83,count/min,Apple Watch
2025-10-21 17:28:45 +0000,2025-10-21 17:29:45 +0000,77,count/min,Apple Watch
2025-10-21 15:21:34 +0000,2025-10-21 15:22:34 +0000,65,count/min,Apple Watch
2025-10-21 06:40:32 +0000,2025-10-21 06:41:32 +0000,55,count/min,Apple Watch
2025-10-21 17:10:40 +0000,2025-10-21 17:11:40 +0000,70,count/min,Apple Watch
2025-10-21 15:47:35 +0000,2025-10-21 15:48:35 +0000,75,count/min,Apple Watch
2025-10-21 06:53:12 +0000,2025-10-21 06:54:12 +0000,64,count/min,Apple Watch
2025-10-21 16:04:49 +0000,2025-10-21 16:05:49 +0000,84,count/min,Apple Watch
2025-10-21 21:19:11 +0000,2025-10-21 21:20:11 +0000,75,count/min,Apple Watch
2025-10-21 08:14:49 +0000,2025-10-21 08:15:49 +0000,69,count/min,Apple Watch
2025-10-22 06:00:41 +0000,2025-10-22 06:01:41 +0000,58,count/min,Apple Watch
2025-10-22 09:49:04 +0000,2025-10-22 09:50:04 +0000,69,count/min,Apple Watch
2025-10-22 09:13:50 +0000,2025-10-22 09:14:50 +0000,67,count/min,Apple Watch
2025-10-22 21:39:20 +0000,2025-10-22 21:40:20 +0000,76,count/min,Apple Watch
2025-10-22 16:22:19 +0000,2025-10-22 16:23:19 +0000,84,count/min,Apple Watch
2025-10-22 11:06:22 +0000,2025-10-22 11:07:22 +0000,77,count/min,Apple Watch
2025-10-22 17:17:38 +0000,2025-10-22 17:18:38 +0000,76,count/min,Apple Watch
2025-10-22 12:13:46 +0000,2025-10-22 12:14:46 +0000,65,count/min,Apple Watch
2025-10-23 07:15:21 +0000,2025-10-23 07:16:21 +0000,58,count/min,Apple Watch
2025-10-23 12:01:56 +0000,2025-10-23 12:02:56 +0000,83,count/min,Apple Watch
2025-10-23 17:36:43 +0000,2025-10-23 17:37:43 +0000,71,count/min,Apple Watch
2025-10-23 16:03:51 +0000,2025-10-23 16:04:51 +0000,69,count/min,Apple Watch
2025-10-23 13:23:55 +0000,2025-10-23 13:24:55 +0000,78,count/min,Apple Watch
2025-10-23 07:22:50 +0000,2025-10-23 07:23:50 +0000,59,count/min,Apple Watch
2025-10-23 21:06:05 +0000,2025-10-23 21:07:05 +0000,72,count/min,Apple Watch
2025-10-23 07:27:22 +0000,2025-10-23 07:28:22 +0000,58,count/min,Apple Watch
2025-10-23 18:32:59 +0000,2025-10-23 18:33:59 +0000,86,count/min,Apple Watch
2025-10-23 21:47:08 +0000,2025-10-23 21:48:08 +0000,87,count/min,Apple Watch
2025-10-23 21:52:33 +0000,2025-10-23 21:53:33 +0000,79,count/min,Apple Watch
2025-10-23 06:14:33 +0000,2025-10-23 06:15:33 +0000,56,count/min,Apple Watch
2025-10-23 21:36:01 +0000,2025-10-23 21:37:01 +0000,77,count/min,Apple Watch
2025-10-24 11:21:14 +0000,2025-10-24 11:22:14 +0000,66,count/min,Apple Watch
2025-10-24 18:11:45 +0000,2025-10-24 18:12:45 +0000,89,count/min,Apple Watch
2025-10-24 10:44:04 +0000,2025-10-24 10:45:04 +0000,79,count/min,Apple Watch
2025-10-24 16:54:44 +0000,2025-10-24 16:55:44 +0000,73,count/min,Apple Watch
2025-10-24 21:44:00 +0000,2025-10-24 21:45:00 +0000,86,count/min,Apple Watch
2025-10-24 22:47:28 +0000,2025-10-24 22:48:28 +0000,73,count/min,Apple Watch
2025-10-24 11:46:12 +0000,2025-10-24 11:47:12 +0000,66,count/min,Apple Watch
2025-10-24 20:35:25 +0000,2025-10-24 20:36:25 +0000,78,count/min,Apple Watch
2025-10-24 13:48:43 +0000,2025-10-24 13:49:43 +0000,81,count/min,Apple Watch
2025-10-24 14:09:15 +0000,2025-10-24 14:10:15 +0000,69,count/min,Apple Watch
2025-10-24 11:32:44 +0000,2025-10-24 11:33:44 +0000,73,count/min,Apple Watch
2025-10-25 09:29:05 +0000,2025-10-25 09:30:05 +0000,80,count/min,Apple Watch
2025-10-25 18:28:09 +0000,2025-10-25 18:29:09 +0000,70,count/min,Apple Watch
2025-10-25 18:33:51 +0000,2025-10-25 18:34:51 +0000,70,count/min,Apple Watch
2025-10-25 15:18:01 +0000,2025-10-25 15:19:01 +0000,84,count/min,Apple Watch
2025-10-25 16:43:22 +0000,2025-10-25 16:44:22 +0000,71,count/min,Apple Watch
2025-10-25 16:11:32 +0000,2025-10-25 16:12:32 +0000,78,count/min,Apple Watch
2025-10-25 10:48:41 +0000,2025-10-25 10:49:41 +0000,71,count/min,Apple Watch
2025-10-25 07:58:21 +0000,2025-10-25 07:59:21 +0000,59,count/min,Apple Watch
2025-10-25 22:43:58 +0000,2025-10-25 22:44:58 +0000,67,count/min,Apple Watch
2025-10-25 16:29:10 +0000,2025-10-25 16:30:10 +0000,65,count/min,Apple Watch
2025-10-25 22:59:25 +0000,2025-10-25 23:00:25 +0000,57,count/min,Apple Watch
2025-10-25 12:28:12 +0000,2025-10-25 12:29:12 +0000,73,count/min,Apple Watch
2025-10-25 15:52:38 +0000,2025-10-25 15:53:38 +0000,75,count/min,Apple Watch
2025-10-25 09:28:21 +0000,2025-10-25 09:29:21 +0000,80,count/min,Apple Watch
2025-10-26 14:17:00 +0000,2025-10-26 14:18:00 +0000,68,count/min,Apple Watch
2025-10-26 12:19:40 +0000,2025-10-26 12:20:40 +0000,82,count/min,Apple Watch
2025-10-26 18:01:49 +0000,2025-10-26 18:02:49 +0000,75,count/min,Apple Watch
2025-10-26 07:43:48 +0000,2025-10-26 07:44:48 +0000,70,count/min,Apple Watch
2025-10-26 12:03:27 +0000,2025-10-26 12:04:27 +0000,70,count/min,Apple Watch
2025-10-26 06:41:21 +0000,2025-10-26 06:42:21 +0000,69,count/min,Apple Watch
2025-10-26 06:15:50 +0000,2025-10-26 06:16:50 +0000,73,count/min,Apple Watch
2025-10-26 11:57:51 +0000,2025-10-26 11:58:51 +0000,72,count/min,Apple Watch
2025-10-27 10:00:14 +0000,2025-10-27 10:01:14 +0000,67,count/min,Apple Watch
2025-10-27 13:21:49 +0000,2025-10-27 13:22:49 +0000,82,count/min,Apple Watch
2025-10-27 09:35:05 +0000,2025-10-27 09:36:05 +0000,84,count/min,Apple Watch
2025-10-27 17:29:04 +0000,2025-10-27 17:30:04 +0000,79,count/min,Apple Watch
2025-10-27 18:08:04 +0000,2025-10-27 18:09:04 +0000,87,count/min,Apple Watch
2025-10-27 12:45:09 +0000,2025-10-27 12:46:09 +0000,66,count/min,Apple Watch
2025-10-27 13:37:41 +0000,2025-10-27 13:38:41 +0000,83,count/min,Apple Watch
2025-10-27 13:30:18 +0000,2025-10-27 13:31:18 +0000,73,count/min,Apple Watch
2025-10-27 19:01:45 +0000,2025-10-27 19:02:45 +0000,86,count/min,Apple Watch
2025-10-27 19:26:56 +0000,2025-10-27 19:27:56 +0000,89,count/min,Apple Watch
2025-10-28 18:09:39 +0000,2025-10-28 18:10:39 +0000,73,count/min,Apple Watch
2025-10-28 06:54:15 +0000,2025-10-28 06:55:15 +0000,68,count/min,Apple Watch
2025-10-28 12:23:02 +0000,2025-10-28 12:24:02 +0000,73,count/min,Apple Watch
2025-10-28 22:02:19 +0000,2025-10-28 22:03:19 +0000,64,count/min,Apple Watch
2025-10-28 16:16:33 +0000,2025-10-28 16:17:33 +0000,65,count/min,Apple Watch
2025-10-28 20:35:00 +0000,2025-10-28 20:36:00 +0000,82,count/min,Apple Watch
2025-10-28 19:17:45 +0000,2025-10-28 19:18:45 +0000,76,count/min,Apple Watch
2025-10-28 11:03:54 +0000,2025-10-28 11:04:54 +0000,71,count/min,Apple Watch
2025-10-28 14:55:08 +0000,2025-10-28 14:56:08 +0000,77,count/min,Apple Watch
2025-10-28 22:08:31 +0000,2025-10-28 22:09:31 +0000,65,count/min,Apple Watch
2025-10-28 17:24:01 +0000,2025-10-28 17:25:01 +0000,76,count/min,Apple Watch
2025-10-28 21:18:16 +0000,2025-10-28 21:19:16 +0000,78,count/min,Apple Watch
2025-10-28 21:20:33 +0000,2025-10-28 21:21:33 +0000,76,count/min,Apple Watch
2025-10-28 21:49:07 +0000,2025-10-28 21:50:07 +0000,86,count/min,Apple Watch
2025-10-29 11:37:32 +0000,2025-10-29 11:38:32 +0000,70,count/min,Apple Watch
2025-10-29 21:19:43 +0000,2025-10-29 21:20:43 +0000,78,count/min,Apple Watch
2025-10-29 16:39:58 +0000,2025-10-29 16:40:58 +0000,68,count/min,Apple Watch
2025-10-29 15:13:50 +0000,2025-10-29 15:14:50 +0000,83,count/min,Apple Watch
2025-10-29 19:37:41 +0000,2025-10-29 19:38:41 +0000,88,count/min,Apple Watch
2025-10-29 16:36:18 +0000,2025-10-29 16:37:18 +0000,67,count/min,Apple Watch
2025-10-29 13:53:44 +0000,2025-10-29 13:54:44 +0000,68,count/min,Apple Watch
2025-10-29 15:43:04 +0000,2025-10-29 15:44:04 +0000,74,count/min,Apple Watch
2025-10-29 15:19:56 +0000,2025-10-29 15:20:56 +0000,73,count/min,Apple Watch
2025-10-29 15:32:15 +0000,2025-10-29 15:33:15 +0000,69,count/min,Apple Watch
2025-10-30 18:22:11 +0000,2025-10-30 18:23:11 +0000,86,count/min,Apple Watch
2025-10-30 14:20:02 +0000,2025-10-30 14:21:02 +0000,65,count/min,Apple Watch
2025-10-30 18:35:02 +0000,2025-10-30 18:36:02 +0000,71,count/min,Apple Watch
2025-10-30 14:38:44 +0000,2025-10-30 14:39:44 +0000,84,count/min,Apple Watch
2025-10-30 18:55:12 +0000,2025-10-30 18:56:12 +0000,80,count/min,Apple Watch
2025-10-30 10:33:36 +0000,2025-10-30 10:34:36 +0000,80,count/min,Apple Watch
2025-10-30 16:52:06 +0000,2025-10-30 16:53:06 +0000,75,count/min,Apple Watch
2025-10-30 15:02:19 +0000,2025-10-30 15:03:19 +0000,70,count/min,Apple Watch
2025-10-30 11:59:27 +0000,2025-10-30 12:00:27 +0000,80,count/min,Apple Watch
2025-10-30 16:09:38 +0000,2025-10-30 16:10:38 +0000,76,count/min,Apple Watch
2025-10-30 09:08:33 +0000,2025-10-30 09:09:33 +0000,77,count/min,Apple Watch
2025-10-30 19:01:44 +0000,2025-10-30 19:02:44 +0000,72,count/min,Apple Watch
2025-10-30 19:58:24 +0000,2025-10-30 19:59:24 +0000,81,count/min,Apple Watch
2025-10-31 17:25:02 +0000,2025-10-31 17:26:02 +0000,82,count/min,Apple Watch
2025-10-31 12:13:56 +0000,2025-10-31 12:14:56 +0000,82,count/min,Apple Watch
2025-10-31 08:43:07 +0000,2025-10-31 08:44:07 +0000,73,count/min,Apple Watch
2025-10-31 06:57:56 +0000,2025-10-31 06:58:56 +0000,64,count/min,Apple Watch
2025-10-31 18:03:33 +0000,2025-10-31 18:04:33 +0000,78,count/min,Apple Watch
2025-10-31 22:20:41 +0000,2025-10-31 22:21:41 +0000,65,count/min,Apple Watch
2025-10-31 09:28:45 +0000,2025-10-31 09:29:45 +0000,68,count/min,Apple Watch
2025-10-31 16:55:38 +0000,2025-10-31 16:56:38 +0000,84,count/min,Apple Watch
2025-10-31 22:22:22 +0000,2025-10-31 22:23:22 +0000,60,count/min,Apple Watch
2025-10-31 15:23:16 +0000,2025-10-31 15:24:16 +0000,70,count/min,Apple Watch
2025-10-31 19:09:31 +0000,2025-10-31 19:10:31 +0000,83,count/min,Apple Watch
2025-11-01 17:39:21 +0000,2025-11-01 17:40:21 +0000,79,count/min,Apple Watch
2025-11-01 22:15:28 +0000,2025-11-01 22:16:28 +0000,62,count/min,Apple Watch
2025-11-01 19:11:00 +0000,2025-11-01 19:12:00 +0000,84,count/min,Apple Watch
2025-11-01 17:30:40 +0000,2025-11-01 17:31:40 +0000,77,count/min,Apple Watch
2025-11-01 20:09:26 +0000,2025-11-01 20:10:26 +0000,80,count/min,Apple Watch
2025-11-01 13:54:30 +0000,2025-11-01 13:55:30 +0000,67,count/min,Apple Watch
2025-11-01 06:05:14 +0000,2025-11-01 06:06:14 +0000,63,count/min,Apple Watch
2025-11-01 07:02:17 +0000,2025-11-01 07:03:17 +0000,74,count/min,Apple Watch
2025-11-01 09:52:34 +0000,2025-11-01 09:53:34 +0000,78,count/min,Apple Watch
2025-11-01 16:19:41 +0000,2025-11-01 16:20:41 +0000,68,count/min,Apple Watch
2025-11-01 12:51:00 +0000,2025-11-01 12:52:00 +0000,77,count/min,Apple Watch
2025-11-01 09:39:37 +0000,2025-11-01 09:40:37 +0000,65,count/min,Apple Watch
2025-11-02 08:01:21 +0000,2025-11-02 08:02:21 +0000,67,count/min,Apple Watch
2025-11-02 12:23:27 +0000,2025-11-02 12:24:27 +0000,82,count/min,Apple Watch
2025-11-02 21:23:48 +0000,2025-11-02 21:24:48 +0000,87,count/min,Apple Watch
2025-11-02 07:40:28 +0000,2025-11-02 07:41:28 +0000,65,count/min,Apple Watch
2025-11-02 06:47:11 +0000,2025-11-02 06:48:11 +0000,72,count/min,Apple Watch
2025-11-02 08:56:46 +0000,2025-11-02 08:57:46 +0000,55,count/min,Apple Watch
2025-11-02 15:00:20 +0000,2025-11-02 15:01:20 +0000,83,count/min,Apple Watch
2025-11-02 09:19:37 +0000,2025-11-02 09:20:37 +0000,76,count/min,Apple Watch
2025-11-02 10:39:38 +0000,2025-11-02 10:40:38 +0000,71,count/min,Apple Watch
2025-11-02 14:58:07 +0000,2025-11-02 14:59:07 +0000,78,count/min,Apple Watch
2025-11-02 12:39:53 +0000,2025-11-02 12:40:53 +0000,76,count/min,Apple Watch
2025-11-03 14:23:16 +0000,2025-11-03 14:24:16 +0000,76,count/min,Apple Watch
2025-11-03 09:45:15 +0000,2025-11-03 09:46:15 +0000,77,count/min,Apple Watch
2025-11-03 16:44:57 +0000,2025-11-03 16:45:57 +0000,83,count/min,Apple Watch
2025-11-03 07:25:29 +0000,2025-11-03 07:26:29 +0000,65,count/min,Apple Watch
2025-11-03 12:00:27 +0000,2025-11-03 12:01:27 +0000,72,count/min,Apple Watch
2025-11-03 15:42:11 +0000,2025-11-03 15:43:11 +0000,73,count/min,Apple Watch
2025-11-03 20:27:51 +0000,2025-11-03 20:28:51 +0000,84,count/min,Apple Watch
2025-11-03 08:05:46 +0000,2025-11-03 08:06:46 +0000,73,count/min,Apple Watch
2025-11-03 14:15:13 +0000,2025-11-03 14:16:13 +0000,78,count/min,Apple Watch
2025-11-03 06:06:12 +0000,2025-11-03 06:07:12 +0000,66,count/min,Apple Watch
2025-11-03 19:35:50 +0000,2025-11-03 19:36:50 +0000,86,count/min,Apple Watch
2025-11-04 10:28:39 +0000,2025-11-04 10:29:39 +0000,84,count/min,Apple Watch
2025-11-04 12:11:20 +0000,2025-11-04 12:12:20 +0000,70,count/min,Apple Watch
2025-11-04 10:03:28 +0000,2025-11-04 10:04:28 +0000,79,count/min,Apple Watch
2025-11-04 11:10:45 +0000,2025-11-04 11:11:45 +0000,74,count/min,Apple Watch
2025-11-04 07:09:41 +0000,2025-11-04 07:10:41 +0000,67,count/min,Apple Watch
2025-11-04 13:29:51 +0000,2025-11-04 13:30:51 +0000,83,count/min,Apple Watch
2025-11-04 07:01:17 +0000,2025-11-04 07:02:17 +0000,67,count/min,Apple Watch
2025-11-04 08:56:26 +0000,2025-11-04 08:57:26 +0000,60,count/min,Apple Watch
2025-11-04 09:04:07 +0000,2025-11-04 09:05:07 +0000,69,count/min,Apple Watch
2025-11-04 15:17:03 +0000,2025-11-04 15:18:03 +0000,68,count/min,Apple Watch
2025-11-05 20:52:19 +0000,2025-11-05 20:53:19 +0000,85,count/min,Apple Watch
2025-11-05 18:30:55 +0000,2025-11-05 18:31:55 +0000,78,count/min,Apple Watch
2025-11-05 22:01:05 +0000,2025-11-05 22:02:05 +0000,65,count/min,Apple Watch
2025-11-05 08:01:35 +0000,2025-11-05 08:02:35 +0000,65,count/min,Apple Watch
2025-11-05 12:32:29 +0000,2025-11-05 12:33:29 +0000,73,count/min,Apple Watch
2025-11-05 22:46:20 +0000,2025-11-05 22:47:20 +0000,68,count/min,Apple Watch
2025-11-05 12:07:57 +0000,2025-11-05 12:08:57 +0000,79,count/min,Apple Watch
2025-11-05 11:57:11 +0000,2025-11-05 11:58:11 +0000,72,count/min,Apple Watch
2025-11-05 14:00:56 +0000,2025-11-05 14:01:56 +0000,78,count/min,Apple Watch
2025-11-05 14:13:58 +0000,2025-11-05 14:14:58 +0000,82,count/min,Apple Watch
2025-11-05 19:05:42 +0000,2025-11-05 19:06:42 +0000,81,count/min,Apple Watch
2025-11-05 19:05:23 +0000,2025-11-05 19:06:23 +0000,89,count/min,Apple Watch
2025-11-05 07:54:44 +0000,2025-11-05 07:55:44 +0000,71,count/min,Apple Watch
2025-11-05 16:58:41 +0000,2025-11-05 16:59:41 +0000,76,count/min,Apple Watch
2025-11-06 18:49:25 +0000,2025-11-06 18:50:25 +0000,72,count/min,Apple Watch
2025-11-06 20:50:47 +0000,2025-11-06 20:51:47 +0000,79,count/min,Apple Watch
2025-11-06 16:24:21 +0000,2025-11-06 16:25:21 +0000,77,count/min,Apple Watch
2025-11-06 14:16:33 +0000,2025-11-06 14:17:33 +0000,81,count/min,Apple Watch
2025-11-06 07:26:56 +0000,2025-11-06 07:27:56 +0000,63,count/min,Apple Watch
2025-11-06 22:26:06 +0000,2025-11-06 22:27:06 +0000,70,count/min,Apple Watch
2025-11-06 19:33:05 +0000,2025-11-06 19:34:05 +0000,79,count/min,Apple Watch
2025-11-06 09:08:11 +0000,2025-11-06 09:09:11 +0000,69,count/min,Apple Watch
2025-11-06 14:52:08 +0000,2025-11-06 14:53:08 +0000,66,count/min,Apple Watch
2025-11-06 15:22:23 +0000,2025-11-06 15:23:23 +0000,71,count/min,Apple Watch
2025-11-06 18:31:33 +0000,2025-11-06 18:32:33 +0000,84,count/min,Apple Watch
2025-11-06 17:32:31 +0000,2025-11-06 17:33:31 +0000,65,count/min,Apple Watch
2025-11-07 08:13:37 +0000,2025-11-07 08:14:37 +0000,57,count/min,Apple Watch
2025-11-07 14:06:46 +0000,2025-11-07 14:07:46 +0000,76,count/min,Apple Watch
2025-11-07 20:29:08 +0000,2025-11-07 20:30:08 +0000,84,count/min,Apple Watch
2025-11-07 15:44:39 +0000,2025-11-07 15:45:39 +0000,83,count/min,Apple Watch
2025-11-07 09:18:23 +0000,2025-11-07 09:19:23 +0000,69,count/min,Apple Watch
2025-11-07 20:37:23 +0000,2025-11-07 20:38:23 +0000,87,count/min,Apple Watch
2025-11-07 12:57:50 +0000,2025-11-07 12:58:50 +0000,70,count/min,Apple Watch
2025-11-07 21:09:39 +0000,2025-11-07 21:10:39 +0000,85,count/min,Apple Watch
2025-11-07 13:43:32 +0000,2025-11-07 13:44:32 +0000,70,count/min,Apple Watch
2025-11-07 11:14:53 +0000,2025-11-07 11:15:53 +0000,80,count/min,Apple Watch
2025-11-07 19:55:02 +0000,2025-11-07 19:56:02 +0000,86,count/min,Apple Watch
2025-11-07 21:15:38 +0000,2025-11-07 21:16:38 +0000,82,count/min,Apple Watch
2025-11-08 12:17:04 +0000,2025-11-08 12:18:04 +0000,65,count/min,Apple Watch
2025-11-08 21:15:04 +0000,2025-11-08 21:16:04 +0000,76,count/min,Apple Watch
2025-11-08 21:18:47 +0000,2025-11-08 21:19:47 +0000,72,count/min,Apple Watch
2025-11-08 12:05:47 +0000,2025-11-08 12:06:47 +0000,71,count/min,Apple Watch
2025-11-08 12:07:37 +0000,2025-11-08 12:08:37 +0000,71,count/min,Apple Watch
2025-11-08 09:35:58 +0000,2025-11-08 09:36:58 +0000,71,count/min,Apple Watch
2025-11-08 13:13:26 +0000,2025-11-08 13:14:26 +0000,79,count/min,Apple Watch
2025-11-08 17:06:58 +0000,2025-11-08 17:07:58 +0000,72,count/min,Apple Watch
2025-11-08 21:32:11 +0000,2025-11-08 21:33:11 +0000,83,count/min,Apple Watch
2025-11-08 18:12:20 +0000,2025-11-08 18:13:20 +0000,89,count/min,Apple Watch
2025-11-08 21:35:46 +0000,2025-11-08 21:36:46 +0000,72,count/min,Apple Watch
2025-11-08 06:22:42 +0000,2025-11-08 06:23:42 +0000,66,count/min,Apple Watch
2025-11-09 22:15:16 +0000,2025-11-09 22:16:16 +0000,58,count/min,Apple Watch
2025-11-09 21:58:55 +0000,2025-11-09 21:59:55 +0000,74,count/min,Apple Watch
2025-11-09 06:43:21 +0000,2025-11-09 06:44:21 +0000,73,count/min,Apple Watch
2025-11-09 22:12:56 +0000,2025-11-09 22:13:56 +0000,56,count/min,Apple Watch
2025-11-09 09:14:43 +0000,2025-11-09 09:15:43 +0000,69,count/min,Apple Watch
2025-11-09 10:57:26 +0000,2025-11-09 10:58:26 +0000,73,count/min,Apple Watch
2025-11-09 09:27:30 +0000,2025-11-09 09:28:30 +0000,76,count/min,Apple Watch
2025-11-09 22:44:23 +0000,2025-11-09 22:45:23 +0000,69,count/min,Apple Watch
2025-11-09 09:58:57 +0000,2025-11-09 09:59:57 +0000,84,count/min,Apple Watch
2025-11-09 21:01:01 +0000,2025-11-09 21:02:01 +0000,76,count/min,Apple Watch
2025-11-10 22:38:33 +0000,2025-11-10 22:39:33 +0000,61,count/min,Apple Watch
2025-11-10 14:08:41 +0000,2025-11-10 14:09:41 +0000,69,count/min,Apple Watch
2025-11-10 09:23:53 +0000,2025-11-10 09:24:53 +0000,80,count/min,Apple Watch
2025-11-10 14:40:42 +0000,2025-11-10 14:41:42 +0000,69,count/min,Apple Watch
2025-11-10 10:22:57 +0000,2025-11-10 10:23:57 +0000,80,count/min,Apple Watch
2025-11-10 09:00:06 +0000,2025-11-10 09:01:06 +0000,79,count/min,Apple Watch
2025-11-10 10:47:17 +0000,2025-11-10 10:48:17 +0000,76,count/min,Apple Watch
2025-11-10 07:14:49 +0000,2025-11-10 07:15:49 +0000,60,count/min,Apple Watch
2025-11-10 21:01:09 +0000,2025-11-10 21:02:09 +0000,71,count/min,Apple Watch
2025-11-10 12:04:36 +0000,2025-11-10 12:05:36 +0000,75,count/min,Apple Watch
2025-11-10 09:25:29 +0000,2025-11-10 09:26:29 +0000,67,count/min,Apple Watch
2025-11-10 12:45:58 +0000,2025-11-10 12:46:58 +0000,70,count/min,Apple Watch
2025-11-11 16:33:25 +0000,2025-11-11 16:34:25 +0000,65,count/min,Apple Watch
2025-11-11 17:25:58 +0000,2025-11-11 17:26:58 +0000,76,count/min,Apple Watch
2025-11-11 21:01:44 +0000,2025-11-11 21:02:44 +0000,72,count/min,Apple Watch
2025-11-11 18:23:20 +0000,2025-11-11 18:24:20 +0000,89,count/min,Apple Watch
2025-11-11 21:58:58 +0000,2025-11-11 21:59:58 +0000,80,count/min,Apple Watch
2025-11-11 22:11:33 +0000,2025-11-11 22:12:33 +0000,55,count/min,Apple Watch
2025-11-11 22:08:50 +0000,2025-11-11 22:09:50 +0000,59,count/min,Apple Watch
2025-11-11 20:13:17 +0000,2025-11-11 20:14:17 +0000,81,count/min,Apple Watch
2025-11-12 09:17:56 +0000,2025-11-12 09:18:56 +0000,75,count/min,Apple Watch
2025-11-12 15:23:12 +0000,2025-11-12 15:24:12 +0000,80,count/min,Apple Watch
2025-11-12 07:17:45 +0000,2025-11-12 07:18:45 +0000,67,count/min,Apple Watch
2025-11-12 14:05:22 +0000,2025-11-12 14:06:22 +0000,68,count/min,Apple Watch
2025-11-12 10:20:15 +0000,2025-11-12 10:21:15 +0000,70,count/min,Apple Watch
2025-11-12 18:41:16 +0000,2025-11-12 18:42:16 +0000,89,count/min,Apple Watch
2025-11-12 19:25:51 +0000,2025-11-12 19:26:51 +0000,88,count/min,Apple Watch
2025-11-12 17:18:48 +0000,2025-11-12 17:19:48 +0000,67,count/min,Apple Watch
2025-11-12 09:21:04 +0000,2025-11-12 09:22:04 +0000,74,count/min,Apple Watch
2025-11-12 16:22:28 +0000,2025-11-12 16:23:28 +0000,68,count/min,Apple Watch
2025-11-12 21:23:16 +0000,2025-11-12 21:24:16 +0000,89,count/min,Apple Watch
2025-11-12 08:26:38 +0000,2025-11-12 08:27:38 +0000,72,count/min,Apple Watch
2025-11-12 08:09:34 +0000,2025-11-12 08:10:34 +0000,64,count/min,Apple Watch
2025-11-12 07:30:24 +0000,2025-11-12 07:31:24 +0000,61,count/min,Apple Watch
2025-11-13 09:12:35 +0000,2025-11-13 09:13:35 +0000,65,count/min,Apple Watch
2025-11-13 19:44:54 +0000,2025-11-13 19:45:54 +0000,84,count/min,Apple Watch
2025-11-13 06:28:47 +0000,2025-11-13 06:29:47 +0000,57,count/min,Apple Watch
2025-11-13 16:49:59 +0000,2025-11-13 16:50:59 +0000,73,count/min,Apple Watch
2025-11-13 06:57:37 +0000,2025-11-13 06:58:37 +0000,66,count/min,Apple Watch
2025-11-13 18:35:07 +0000,2025-11-13 18:36:07 +0000,71,count/min,Apple Watch
2025-11-13 11:55:10 +0000,2025-11-13 11:56:10 +0000,70,count/min,Apple Watch
2025-11-13 18:55:37 +0000,2025-11-13 18:56:37 +0000,89,count/min,Apple Watch
2025-11-13 20:21:57 +0000,2025-11-13 20:22:57 +0000,84,count/min,Apple Watch
2025-11-13 06:33:25 +0000,2025-11-13 06:34:25 +0000,70,count/min,Apple Watch
2025-11-13 18:01:39 +0000,2025-11-13 18:02:39 +0000,87,count/min,Apple Watch
2025-11-13 11:56:22 +0000,2025-11-13 11:57:22 +0000,79,count/min,Apple Watch
2025-11-13 17:04:34 +0000,2025-11-13 17:05:34 +0000,73,count/min,Apple Watch
2025-11-14 22:28:18 +0000,2025-11-14 22:29:18 +0000,56,count/min,Apple Watch
2025-11-14 06:54:46 +0000,2025-11-14 06:55:46 +0000,67,count/min,Apple Watch
2025-11-14 20:54:36 +0000,2025-11-14 20:55:36 +0000,70,count/min,Apple Watch
2025-11-14 20:31:09 +0000,2025-11-14 20:32:09 +0000,71,count/min,Apple Watch
2025-11-14 14:18:07 +0000,2025-11-14 14:19:07 +0000,75,count/min,Apple Watch
2025-11-14 08:17:54 +0000,2025-11-14 08:18:54 +0000,69,count/min,Apple Watch
2025-11-14 09:48:29 +0000,2025-11-14 09:49:29 +0000,71,count/min,Apple Watch
2025-11-14 19:15:05 +0000,2025-11-14 19:16:05 +0000,72,count/min,Apple Watch
2025-11-14 16:15:13 +0000,2025-11-14 16:16:13 +0000,74,count/min,Apple Watch
2025-11-15 21:51:39 +0000,2025-11-15 21:52:39 +0000,79,count/min,Apple Watch
2025-11-15 10:22:09 +0000,2025-11-15 10:23:09 +0000,75,count/min,Apple Watch
2025-11-15 19:15:20 +0000,2025-11-15 19:16:20 +0000,79,count/min,Apple Watch
2025-11-15 09:51:44 +0000,2025-11-15 09:52:44 +0000,81,count/min,Apple Watch
2025-11-15 19:18:38 +0000,2025-11-15 19:19:38 +0000,75,count/min,Apple Watch
2025-11-15 20:20:29 +0000,2025-11-15 20:21:29 +0000,81,count/min,Apple Watch
2025-11-15 16:41:48 +0000,2025-11-15 16:42:48 +0000,72,count/min,Apple Watch
2025-11-15 15:27:17 +0000,2025-11-15 15:28:17 +0000,81,count/min,Apple Watch
2025-11-15 22:22:47 +0000,2025-11-15 22:23:47 +0000,67,count/min,Apple Watch
2025-11-15 19:33:49 +0000,2025-11-15 19:34:49 +0000,86,count/min,Apple Watch
2025-11-15 11:01:34 +0000,2025-11-15 11:02:34 +0000,65,count/min,Apple Watch
2025-11-15 07:11:11 +0000,2025-11-15 07:12:11 +0000,63,count/min,Apple Watch
2025-11-15 18:11:13 +0000,2025-11-15 18:12:13 +0000,72,count/min,Apple Watch
2025-11-16 14:44:39 +0000,2025-11-16 14:45:39 +0000,81,count/min,Apple Watch
2025-11-16 15:21:57 +0000,2025-11-16 15:22:57 +0000,65,count/min,Apple Watch
2025-11-16 16:48:30 +0000,2025-11-16 16:49:30 +0000,72,count/min,Apple Watch
2025-11-16 20:29:01 +0000,2025-11-16 20:30:01 +0000,89,count/min,Apple Watch
2025-11-16 06:13:27 +0000,2025-11-16 06:14:27 +0000,67,count/min,Apple Watch
2025-11-16 13:16:36 +0000,2025-11-16 13:17:36 +0000,80,count/min,Apple Watch
2025-11-16 11:24:24 +0000,2025-11-16 11:25:24 +0000,84,count/min,Apple Watch
2025-11-16 18:54:39 +0000,2025-11-16 18:55:39 +0000,71,count/min,Apple Watch
2025-11-16 16:12:01 +0000,2025-11-16 16:13:01 +0000,78,count/min,Apple Watch
2025-11-16 15:49:33 +0000,2025-11-16 15:50:33 +0000,84,count/min,Apple Watch
2025-11-16 13:30:09 +0000,2025-11-16 13:31:09 +0000,69,count/min,Apple Watch
2025-11-17 19:28:41 +0000,2025-11-17 19:29:41 +0000,76,count/min,Apple Watch
2025-11-17 16:34:31 +0000,2025-11-17 16:35:31 +0000,70,count/min,Apple Watch
2025-11-17 08:15:51 +0000,2025-11-17 08:16:51 +0000,67,count/min,Apple Watch
2025-11-17 10:48:40 +0000,2025-11-17 10:49:40 +0000,77,count/min,Apple Watch
2025-11-17 19:24:04 +0000,2025-11-17 19:25:04 +0000,75,count/min,Apple Watch
2025-11-17 06:38:37 +0000,2025-11-17 06:39:37 +0000,59,count/min,Apple Watch
2025-11-17 22:46:28 +0000,2025-11-17 22:47:28 +0000,59,count/min,Apple Watch
2025-11-17 15:47:58 +0000,2025-11-17 15:48:58 +0000,69,count/min,Apple Watch
2025-11-17 18:25:20 +0000,2025-11-17 18:26:20 +0000,72,count/min,Apple Watch
2025-11-17 17:12:06 +0000,2025-11-17 17:13:06 +0000,66,count/min,Apple Watch
2025-11-17 22:23:39 +0000,2025-11-17 22:24:39 +0000,62,count/min,Apple Watch
2025-11-17 14:16:52 +0000,2025-11-17 14:17:52 +0000,73,count/min,Apple Watch
2025-11-18 11:42:54 +0000,2025-11-18 11:43:54 +0000,81,count/min,Apple Watch
2025-11-18 13:59:07 +0000,2025-11-18 14:00:07 +0000,68,count/min,Apple Watch
2025-11-18 17:52:45 +0000,2025-11-18 17:53:45 +0000,75,count/min,Apple Watch
2025-11-18 07:05:06 +0000,2025-11-18 07:06:06 +0000,69,count/min,Apple Watch
2025-11-18 14:13:34 +0000,2025-11-18 14:14:34 +0000,82,count/min,Apple Watch
2025-11-18 20:19:17 +0000,2025-11-18 20:20:17 +0000,83,count/min,Apple Watch
2025-11-18 11:50:18 +0000,2025-11-18 11:51:18 +0000,77,count/min,Apple Watch
2025-11-18 14:06:42 +0000,2025-11-18 14:07:42 +0000,81,count/min,Apple Watch
2025-11-19 06:01:05 +0000,2025-11-19 06:02:05 +0000,71,count/min,Apple Watch
2025-11-19 08:23:48 +0000,2025-11-19 08:24:48 +0000,60,count/min,Apple Watch
2025-11-19 08:50:19 +0000,2025-11-19 08:51:19 +0000,67,count/min,Apple Watch
2025-11-19 21:33:53 +0000,2025-11-19 21:34:53 +0000,83,count/min,Apple Watch
2025-11-19 20:46:17 +0000,2025-11-19 20:47:17 +0000,88,count/min,Apple Watch
2025-11-19 07:05:50 +0000,2025-11-19 07:06:50 +0000,73,count/min,Apple Watch
2025-11-19 17:26:57 +0000,2025-11-19 17:27:57 +0000,79,count/min,Apple Watch
2025-11-19 08:04:30 +0000,2025-11-19 08:05:30 +0000,71,count/min,Apple Watch
2025-11-19 16:40:02 +0000,2025-11-19 16:41:02 +0000,71,count/min,Apple Watch
2025-11-19 07:17:43 +0000,2025-11-19 07:18:43 +0000,56,count/min,Apple Watch
2025-11-19 10:31:03 +0000,2025-11-19 10:32:03 +0000,68,count/min,Apple Watch
2025-11-19 17:06:08 +0000,2025-11-19 17:07:08 +0000,78,count/min,Apple Watch
2025-11-20 13:45:20 +0000,2025-11-20 13:46:20 +0000,66,count/min,Apple Watch
2025-11-20 06:23:37 +0000,2025-11-20 06:24:37 +0000,63,count/min,Apple Watch
2025-11-20 17:42:10 +0000,2025-11-20 17:43:10 +0000,69,count/min,Apple Watch
2025-11-20 12:47:33 +0000,2025-11-20 12:48:33 +0000,68,count/min,Apple Watch
2025-11-20 13:40:15 +0000,2025-11-20 13:41:15 +0000,80,count/min,Apple Watch
2025-11-20 15:30:00 +0000,2025-11-20 15:31:00 +0000,72,count/min,Apple Watch
2025-11-20 20:32:02 +0000,2025-11-20 20:33:02 +0000,73,count/min,Apple Watch
2025-11-20 10:29:00 +0000,2025-11-20 10:30:00 +0000,75,count/min,Apple Watch
2025-11-21 20:29:13 +0000,2025-11-21 20:30:13 +0000,86,count/min,Apple Watch
2025-11-21 17:15:43 +0000,2025-11-21 17:16:43 +0000,72,count/min,Apple Watch
2025-11-21 19:23:02 +0000,2025-11-21 19:24:02 +0000,74,count/min,Apple Watch
2025-11-21 08:40:42 +0000,2025-11-21 08:41:42 +0000,58,count/min,Apple Watch
2025-11-21 08:28:23 +0000,2025-11-21 08:29:23 +0000,65,count/min,Apple Watch
2025-11-21 20:27:33 +0000,2025-11-21 20:28:33 +0000,83,count/min,Apple Watch
2025-11-21 15:02:53 +0000,2025-11-21 15:03:53 +0000,76,count/min,Apple Watch
2025-11-21 20:37:14 +0000,2025-11-21 20:38:14 +0000,88,count/min,Apple Watch
2025-11-21 12:00:43 +0000,2025-11-21 12:01:43 +0000,66,count/min,Apple Watch
2025-11-21 17:51:42 +0000,2025-11-21 17:52:42 +0000,80,count/min,Apple Watch
2025-11-21 19:41:02 +0000,2025-11-21 19:42:02 +0000,89,count/min,Apple Watch
2025-11-21 21:57:37 +0000,2025-11-21 21:58:37 +0000,80,count/min,Apple Watch
2025-11-21 19:02:53 +0000,2025-11-21 19:03:53 +0000,85,count/min,Apple Watch
2025-11-21 22:09:03 +0000,2025-11-21 22:10:03 +0000,63,count/min,Apple Watch
2025-11-22 12:00:33 +0000,2025-11-22 12:01:33 +0000,74,count/min,Apple Watch
2025-11-22 20:19:11 +0000,2025-11-22 20:20:11 +0000,82,count/min,Apple Watch
2025-11-22 11:10:34 +0000,2025-11-22 11:11:34 +0000,74,count/min,Apple Watch
2025-11-22 18:03:03 +0000,2025-11-22 18:04:03 +0000,86,count/min,Apple Watch
2025-11-22 08:16:19 +0000,2025-11-22 08:17:19 +0000,74,count/min,Apple Watch
2025-11-22 08:31:32 +0000,2025-11-22 08:32:32 +0000,65,count/min,Apple Watch
2025-11-22 09:16:53 +0000,2025-11-22 09:17:53 +0000,71,count/min,Apple Watch
2025-11-22 17:12:22 +0000,2025-11-22 17:13:22 +0000,76,count/min,Apple Watch
2025-11-22 08:52:03 +0000,2025-11-22 08:53:03 +0000,59,count/min,Apple Watch
2025-11-22 16:14:19 +0000,2025-11-22 16:15:19 +0000,83,count/min,Apple Watch
2025-11-22 08:06:10 +0000,2025-11-22 08:07:10 +0000,68,count/min,Apple Watch
2025-11-23 21:34:45 +0000,2025-11-23 21:35:45 +0000,88,count/min,Apple Watch
2025-11-23 14:04:04 +0000,2025-11-23 14:05:04 +0000,79,count/min,Apple Watch
2025-11-23 22:36:00 +0000,2025-11-23 22:37:00 +0000,58,count/min,Apple Watch
2025-11-23 07:38:15 +0000,2025-11-23 07:39:15 +0000,67,count/min,Apple Watch
2025-11-23 11:51:57 +0000,2025-11-23 11:52:57 +0000,78,count/min,Apple Watch
2025-11-23 13:32:57 +0000,2025-11-23 13:33:57 +0000,66,count/min,Apple Watch
2025-11-23 19:33:06 +0000,2025-11-23 19:34:06 +0000,74,count/min,Apple Watch
2025-11-23 17:26:21 +0000,2025-11-23 17:27:21 +0000,76,count/min,Apple Watch
2025-11-23 20:43:32 +0000,2025-11-23 20:44:32 +0000,83,count/min,Apple Watch
2025-11-23 16:13:53 +0000,2025-11-23 16:14:53 +0000,76,count/min,Apple Watch
2025-11-23 06:24:01 +0000,2025-11-23 06:25:01 +0000,68,count/min,Apple Watch
2025-11-23 11:29:34 +0000,2025-11-23 11:30:34 +0000,69,count/min,Apple Watch
2025-11-23 14:29:00 +0000,2025-11-23 14:30:00 +0000,69,count/min,Apple Watch
2025-11-24 08:19:10 +0000,2025-11-24 08:20:10 +0000,66,count/min,Apple Watch
2025-11-24 07:30:18 +0000,2025-11-24 07:31:18 +0000,65,count/min,Apple Watch
2025-11-24 11:05:05 +0000,2025-11-24 11:06:05 +0000,76,count/min,Apple Watch
2025-11-24 17:19:47 +0000,2025-11-24 17:20:47 +0000,72,count/min,Apple Watch
2025-11-24 21:32:09 +0000,2025-11-24 21:33:09 +0000,70,count/min,Apple Watch
2025-11-24 06:24:22 +0000,2025-11-24 06:25:22 +0000,68,count/min,Apple Watch
2025-11-24 19:28:59 +0000,2025-11-24 19:29:59 +0000,84,count/min,Apple Watch
2025-11-24 15:49:21 +0000,2025-11-24 15:50:21 +0000,81,count/min,Apple Watch
2025-11-24 21:34:10 +0000,2025-11-24 21:35:10 +0000,88,count/min,Apple Watch
2025-11-25 11:45:56 +0000,2025-11-25 11:46:56 +0000,69,count/min,Apple Watch
2025-11-25 18:23:11 +0000,2025-11-25 18:24:11 +0000,83,count/min,Apple Watch
2025-11-25 22:34:00 +0000,2025-11-25 22:35:00 +0000,55,count/min,Apple Watch
2025-11-25 13:42:28 +0000,2025-11-25 13:43:28 +0000,66,count/min,Apple Watch
2025-11-25 14:33:01 +0000,2025-11-25 14:34:01 +0000,73,count/min,Apple Watch
2025-11-25 07:23:16 +0000,2025-11-25 07:24:16 +0000,60,count/min,Apple Watch
2025-11-25 07:19:44 +0000,2025-11-25 07:20:44 +0000,67,count/min,Apple Watch
2025-11-25 14:43:14 +0000,2025-11-25 14:44:14 +0000,78,count/min,Apple Watch
2025-11-25 15:16:36 +0000,2025-11-25 15:17:36 +0000,70,count/min,Apple Watch
2025-11-25 19:09:00 +0000,2025-11-25 19:10:00 +0000,75,count/min,Apple Watch
2025-11-25 19:40:39 +0000,2025-11-25 19:41:39 +0000,72,count/min,Apple Watch
2025-11-25 07:23:03 +0000,2025-11-25 07:24:03 +0000,70,count/min,Apple Watch
2025-11-26 12:24:02 +0000,2025-11-26 12:25:02 +0000,67,count/min,Apple Watch
2025-11-26 11:14:53 +0000,2025-11-26 11:15:53 +0000,72,count/min,Apple Watch
2025-11-26 21:59:56 +0000,2025-11-26 22:00:56 +0000,85,count/min,Apple Watch
2025-11-26 13:47:31 +0000,2025-11-26 13:48:31 +0000,65,count/min,Apple Watch
2025-11-26 12:11:05 +0000,2025-11-26 12:12:05 +0000,79,count/min,Apple Watch
2025-11-26 22:52:28 +0000,2025-11-26 22:53:28 +0000,57,count/min,Apple Watch
2025-11-26 10:46:31 +0000,2025-11-26 10:47:31 +0000,79,count/min,Apple Watch
2025-11-26 12:59:24 +0000,2025-11-26 13:00:24 +0000,73,count/min,Apple Watch
2025-11-26 17:42:42 +0000,2025-11-26 17:43:42 +0000,71,count/min,Apple Watch
2025-11-26 09:50:18 +0000,2025-11-26 09:51:18 +0000,76,count/min,Apple Watch
2025-11-26 19:10:45 +0000,2025-11-26 19:11:45 +0000,73,count/min,Apple Watch
2025-11-27 21:11:55 +0000,2025-11-27 21:12:55 +0000,82,count/min,Apple Watch
2025-11-27 22:34:24 +0000,2025-11-27 22:35:24 +0000,60,count/min,Apple Watch
2025-11-27 13:48:48 +0000,2025-11-27 13:49:48 +0000,75,count/min,Apple Watch
2025-11-27 22:47:03 +0000,2025-11-27 22:48:03 +0000,61,count/min,Apple Watch
2025-11-27 06:07:04 +0000,2025-11-27 06:08:04 +0000,72,count/min,Apple Watch
2025-11-27 14:36:01 +0000,2025-11-27 14:37:01 +0000,66,count/min,Apple Watch
2025-11-27 12:29:53 +0000,2025-11-27 12:30:53 +0000,74,count/min,Apple Watch
2025-11-27 19:36:24 +0000,2025-11-27 19:37:24 +0000,79,count/min,Apple Watch
2025-11-27 17:12:19 +0000,2025-11-27 17:13:19 +0000,78,count/min,Apple Watch
2025-11-27 18:44:23 +0000,2025-11-27 18:45:23 +0000,82,count/min,Apple Watch
2025-11-28 14:47:02 +0000,2025-11-28 14:48:02 +0000,70,count/min,Apple Watch
2025-11-28 16:17:43 +0000,2025-11-28 16:18:43 +0000,66,count/min,Apple Watch
2025-11-28 15:31:27 +0000,2025-11-28 15:32:27 +0000,81,count/min,Apple Watch
2025-11-28 19:10:02 +0000,2025-11-28 19:11:02 +0000,76,count/min,Apple Watch
2025-11-28 20:19:28 +0000,2025-11-28 20:20:28 +0000,82,count/min,Apple Watch
2025-11-28 06:28:32 +0000,2025-11-28 06:29:32 +0000,64,count/min,Apple Watch
2025-11-28 18:18:32 +0000,2025-11-28 18:19:32 +0000,82,count/min,Apple Watch
2025-11-28 06:38:19 +0000,2025-11-28 06:39:19 +0000,56,count/min,Apple Watch
2025-11-28 13:39:44 +0000,2025-11-28 13:40:44 +0000,75,count/min,Apple Watch
2025-11-28 15:21:43 +0000,2025-11-28 15:22:43 +0000,74,count/min,Apple Watch
2025-11-28 22:23:14 +0000,2025-11-28 22:24:14 +0000,64,count/min,Apple Watch
2025-11-28 16:24:29 +0000,2025-11-28 16:25:29 +0000,77,count/min,Apple Watch
2025-11-28 12:42:36 +0000,2025-11-28 12:43:36 +0000,73,count/min,Apple Watch
2025-11-29 15:58:23 +0000,2025-11-29 15:59:23 +0000,75,count/min,Apple Watch
2025-11-29 14:13:06 +0000,2025-11-29 14:14:06 +0000,73,count/min,Apple Watch
2025-11-29 21:38:32 +0000,2025-11-29 21:39:32 +0000,84,count/min,Apple Watch
2025-11-29 17:11:09 +0000,2025-11-29 17:12:09 +0000,70,count/min,Apple Watch
2025-11-29 12:05:30 +0000,2025-11-29 12:06:30 +0000,68,count/min,Apple Watch
2025-11-29 08:21:22 +0000,2025-11-29 08:22:22 +0000,59,count/min,Apple Watch
2025-11-29 22:15:11 +0000,2025-11-29 22:16:11 +0000,66,count/min,Apple Watch
2025-11-29 14:47:07 +0000,2025-11-29 14:48:07 +0000,70,count/min,Apple Watch
